mode: set
zrp/audit.go:29.79,32.16 2 0
zrp/audit.go:32.16,34.3 1 0
zrp/audit.go:36.2,40.4 1 0
zrp/audit.go:43.42,45.16 2 0
zrp/audit.go:45.16,47.3 1 0
zrp/audit.go:48.2,50.16 3 0
zrp/audit.go:50.16,52.3 1 0
zrp/audit.go:53.2,53.17 1 0
zrp/audit.go:71.61,75.18 3 0
zrp/audit.go:75.18,77.3 1 0
zrp/audit.go:78.2,79.20 2 0
zrp/audit.go:79.20,80.60 1 0
zrp/audit.go:80.60,82.4 1 0
zrp/audit.go:84.2,85.45 2 0
zrp/audit.go:85.45,86.53 1 0
zrp/audit.go:86.53,88.4 1 0
zrp/audit.go:91.2,98.18 7 0
zrp/audit.go:98.18,101.3 2 0
zrp/audit.go:102.2,102.16 1 0
zrp/audit.go:102.16,105.3 2 0
zrp/audit.go:106.2,106.18 1 0
zrp/audit.go:106.18,110.3 3 0
zrp/audit.go:111.2,111.20 1 0
zrp/audit.go:111.20,114.3 2 0
zrp/audit.go:115.2,115.18 1 0
zrp/audit.go:115.18,118.3 2 0
zrp/audit.go:120.2,121.25 2 0
zrp/audit.go:121.25,123.3 1 0
zrp/audit.go:126.2,139.16 8 0
zrp/audit.go:139.16,142.3 2 0
zrp/audit.go:143.2,146.18 3 0
zrp/audit.go:146.18,151.3 3 0
zrp/audit.go:152.2,152.18 1 0
zrp/audit.go:152.18,154.3 1 0
zrp/audit.go:156.2,159.4 1 0
zrp/audit.go:163.64,165.18 2 0
zrp/audit.go:165.18,167.3 1 0
zrp/audit.go:168.2,176.18 8 0
zrp/audit.go:176.18,179.3 2 0
zrp/audit.go:180.2,180.16 1 0
zrp/audit.go:180.16,183.3 2 0
zrp/audit.go:184.2,184.18 1 0
zrp/audit.go:184.18,187.3 2 0
zrp/audit.go:188.2,188.18 1 0
zrp/audit.go:188.18,192.3 3 0
zrp/audit.go:193.2,193.20 1 0
zrp/audit.go:193.20,196.3 2 0
zrp/audit.go:197.2,197.18 1 0
zrp/audit.go:197.18,200.3 2 0
zrp/audit.go:202.2,203.25 2 0
zrp/audit.go:203.25,205.3 1 0
zrp/audit.go:207.2,212.16 3 0
zrp/audit.go:212.16,215.3 2 0
zrp/audit.go:216.2,234.18 10 0
zrp/audit.go:234.18,250.3 5 0
zrp/audit.go:253.2,253.55 1 0
zrp/audit.go:257.67,258.23 1 0
zrp/audit.go:258.23,264.3 3 0
zrp/audit.go:266.2,266.23 1 0
zrp/audit.go:266.23,270.62 2 0
zrp/audit.go:270.62,273.4 2 0
zrp/audit.go:275.3,275.57 1 0
zrp/audit.go:275.57,278.4 2 0
zrp/audit.go:280.3,280.70 1 0
zrp/audit.go:280.70,283.4 2 0
zrp/audit.go:285.3,292.9 3 0
zrp/audit.go:295.2,295.62 1 0
zrp/audit.go:295.62,298.17 3 0
zrp/audit.go:298.17,301.4 2 0
zrp/audit.go:303.3,311.9 3 0
zrp/audit.go:314.2,314.42 1 0
zrp/audit.go:317.68,321.17 3 0
zrp/audit.go:321.17,323.19 2 0
zrp/audit.go:323.19,328.4 4 0
zrp/audit.go:332.2,334.18 3 0
zrp/audit.go:334.18,336.20 2 0
zrp/audit.go:336.20,341.4 4 0
zrp/audit.go:345.2,354.18 4 0
zrp/audit.go:354.18,356.20 2 0
zrp/audit.go:356.20,360.4 3 0
zrp/audit.go:362.2,362.22 1 0
zrp/audit.go:362.22,364.3 1 0
zrp/audit.go:366.2,370.4 1 0
zrp/audit.go:373.67,375.16 2 0
zrp/audit.go:375.16,378.3 2 0
zrp/audit.go:379.2,387.18 4 0
zrp/audit.go:387.18,391.3 3 0
zrp/audit.go:392.2,392.18 1 0
zrp/audit.go:392.18,394.3 1 0
zrp/audit.go:395.2,395.20 1 0
zrp/audit.go:399.89,404.16 3 0
zrp/audit.go:404.16,408.3 2 0
zrp/audit.go:411.44,415.16 3 0
zrp/audit.go:415.16,417.3 1 0
zrp/audit.go:418.2,418.13 1 0
zrp/audit.go:421.56,424.2 2 0
zrp/audit.go:426.92,429.2 2 0
zrp/audit.go:431.72,434.16 3 0
zrp/audit.go:434.16,436.3 1 0
zrp/audit.go:437.2,437.30 1 0
zrp/audit.go:440.94,444.2 3 0
zrp/audit.go:461.63,465.29 3 0
zrp/audit.go:465.29,467.17 2 0
zrp/audit.go:467.17,469.4 1 0
zrp/audit.go:472.2,472.28 1 0
zrp/audit.go:472.28,474.17 2 0
zrp/audit.go:474.17,476.4 1 0
zrp/audit.go:479.2,496.16 3 0
zrp/audit.go:496.16,499.3 2 0
zrp/audit.go:502.2,508.12 2 0
zrp/audit.go:512.80,514.16 2 0
zrp/audit.go:514.16,516.3 1 0
zrp/audit.go:518.2,520.16 2 0
zrp/audit.go:520.16,522.3 1 0
zrp/audit.go:523.2,523.25 1 0
zrp/audit.go:527.42,530.15 2 0
zrp/audit.go:530.15,534.3 2 0
zrp/audit.go:537.2,538.15 2 0
zrp/audit.go:538.15,540.3 1 0
zrp/audit.go:543.2,545.50 2 0
zrp/audit.go:545.50,547.3 1 0
zrp/audit.go:548.2,548.11 1 0
zrp/audit.go:552.105,566.2 2 0
zrp/db.go:17.32,19.15 1 0
zrp/db.go:19.15,21.3 1 0
zrp/db.go:22.2,24.33 3 0
zrp/db.go:24.33,26.3 1 0
zrp/db.go:27.2,28.16 2 0
zrp/db.go:28.16,30.3 1 0
zrp/db.go:34.2,39.62 4 0
zrp/db.go:39.62,41.3 1 0
zrp/db.go:44.2,44.64 1 0
zrp/db.go:44.64,46.3 1 0
zrp/db.go:49.2,49.63 1 0
zrp/db.go:49.63,51.3 1 0
zrp/db.go:53.2,53.24 1 0
zrp/db.go:56.28,80.35 2 0
zrp/db.go:80.35,81.39 1 0
zrp/db.go:81.39,83.4 1 0
zrp/db.go:86.2,100.53 2 0
zrp/db.go:100.53,102.3 1 0
zrp/db.go:104.2,622.27 9 0
zrp/db.go:622.27,623.39 1 0
zrp/db.go:623.39,625.4 1 0
zrp/db.go:628.2,656.31 2 0
zrp/db.go:656.31,658.3 1 0
zrp/db.go:661.2,668.44 2 0
zrp/db.go:668.44,669.47 1 0
zrp/db.go:669.47,671.58 1 0
zrp/db.go:671.58,673.5 1 0
zrp/db.go:678.2,760.30 2 0
zrp/db.go:760.30,761.41 1 0
zrp/db.go:761.41,763.107 1 0
zrp/db.go:763.107,765.5 1 0
zrp/db.go:767.4,767.89 1 0
zrp/db.go:772.2,790.46 2 0
zrp/db.go:790.46,792.47 1 0
zrp/db.go:792.47,794.58 1 0
zrp/db.go:794.58,796.5 1 0
zrp/db.go:801.2,801.45 1 0
zrp/db.go:801.45,803.3 1 0
zrp/db.go:805.2,805.12 1 0
zrp/db.go:808.15,812.20 3 0
zrp/db.go:812.20,814.17 2 0
zrp/db.go:814.17,816.4 1 0
zrp/db.go:816.9,819.4 1 0
zrp/db.go:823.2,825.19 3 0
zrp/db.go:825.19,827.17 2 0
zrp/db.go:827.17,830.4 1 0
zrp/db.go:833.2,835.20 3 0
zrp/db.go:835.20,837.17 2 0
zrp/db.go:837.17,840.4 1 0
zrp/db.go:844.2,846.21 3 0
zrp/db.go:846.21,848.3 1 0
zrp/db.go:851.2,853.22 3 0
zrp/db.go:853.22,859.29 2 0
zrp/db.go:859.29,861.4 1 0
zrp/db.go:865.2,867.15 3 0
zrp/db.go:867.15,869.3 1 0
zrp/db.go:871.2,964.71 34 0
zrp/db.go:968.61,975.17 6 0
zrp/db.go:975.17,977.22 2 0
zrp/db.go:977.22,978.63 1 0
zrp/db.go:978.63,980.5 1 0
zrp/db.go:983.2,983.62 1 0
zrp/db.go:986.35,987.14 1 0
zrp/db.go:987.14,989.3 1 0
zrp/db.go:990.2,990.48 1 0
zrp/db.go:993.36,994.15 1 0
zrp/db.go:994.15,996.3 1 0
zrp/db.go:997.2,997.19 1 0
zrp/handler_advanced_search.go:16.67,18.63 2 0
zrp/handler_advanced_search.go:18.63,21.3 2 0
zrp/handler_advanced_search.go:24.2,24.22 1 0
zrp/handler_advanced_search.go:24.22,26.3 1 0
zrp/handler_advanced_search.go:27.2,27.27 1 0
zrp/handler_advanced_search.go:27.27,29.3 1 0
zrp/handler_advanced_search.go:32.2,32.28 1 0
zrp/handler_advanced_search.go:32.28,37.3 3 0
zrp/handler_advanced_search.go:39.2,40.16 2 0
zrp/handler_advanced_search.go:40.16,43.3 2 0
zrp/handler_advanced_search.go:46.2,46.15 1 0
zrp/handler_advanced_search.go:46.15,51.3 2 0
zrp/handler_advanced_search.go:54.2,55.35 2 0
zrp/handler_advanced_search.go:59.70,60.26 1 0
zrp/handler_advanced_search.go:61.15,62.28 1 0
zrp/handler_advanced_search.go:63.20,64.33 1 0
zrp/handler_advanced_search.go:65.14,66.27 1 0
zrp/handler_advanced_search.go:67.19,68.32 1 0
zrp/handler_advanced_search.go:69.14,70.27 1 0
zrp/handler_advanced_search.go:71.17,72.30 1 0
zrp/handler_advanced_search.go:73.13,74.26 1 0
zrp/handler_advanced_search.go:75.10,76.74 1 0
zrp/handler_advanced_search.go:81.60,83.16 2 0
zrp/handler_advanced_search.go:83.16,85.3 1 0
zrp/handler_advanced_search.go:88.2,89.24 2 0
zrp/handler_advanced_search.go:89.24,91.3 1 0
zrp/handler_advanced_search.go:91.8,93.3 1 0
zrp/handler_advanced_search.go:96.2,99.16 4 0
zrp/handler_advanced_search.go:99.16,101.3 1 0
zrp/handler_advanced_search.go:104.2,108.16 3 0
zrp/handler_advanced_search.go:108.16,110.3 1 0
zrp/handler_advanced_search.go:111.2,114.18 3 0
zrp/handler_advanced_search.go:114.18,116.65 2 0
zrp/handler_advanced_search.go:116.65,117.12 1 0
zrp/handler_advanced_search.go:120.3,128.30 4 0
zrp/handler_advanced_search.go:131.2,140.8 3 0
zrp/handler_advanced_search.go:144.65,146.16 2 0
zrp/handler_advanced_search.go:146.16,148.3 1 0
zrp/handler_advanced_search.go:150.2,151.24 2 0
zrp/handler_advanced_search.go:151.24,153.3 1 0
zrp/handler_advanced_search.go:153.8,155.3 1 0
zrp/handler_advanced_search.go:158.2,161.16 4 0
zrp/handler_advanced_search.go:161.16,163.3 1 0
zrp/handler_advanced_search.go:166.2,172.16 3 0
zrp/handler_advanced_search.go:172.16,174.3 1 0
zrp/handler_advanced_search.go:175.2,178.18 3 0
zrp/handler_advanced_search.go:178.18,186.85 6 0
zrp/handler_advanced_search.go:186.85,187.12 1 0
zrp/handler_advanced_search.go:190.3,204.24 2 0
zrp/handler_advanced_search.go:207.2,216.8 3 0
zrp/handler_advanced_search.go:220.59,222.16 2 0
zrp/handler_advanced_search.go:222.16,224.3 1 0
zrp/handler_advanced_search.go:226.2,227.24 2 0
zrp/handler_advanced_search.go:227.24,229.3 1 0
zrp/handler_advanced_search.go:229.8,231.3 1 0
zrp/handler_advanced_search.go:234.2,237.16 4 0
zrp/handler_advanced_search.go:237.16,239.3 1 0
zrp/handler_advanced_search.go:242.2,248.16 3 0
zrp/handler_advanced_search.go:248.16,250.3 1 0
zrp/handler_advanced_search.go:251.2,254.18 3 0
zrp/handler_advanced_search.go:254.18,259.78 3 0
zrp/handler_advanced_search.go:259.78,260.12 1 0
zrp/handler_advanced_search.go:263.3,276.27 2 0
zrp/handler_advanced_search.go:279.2,288.8 3 0
zrp/handler_advanced_search.go:292.64,294.16 2 0
zrp/handler_advanced_search.go:294.16,296.3 1 0
zrp/handler_advanced_search.go:298.2,299.24 2 0
zrp/handler_advanced_search.go:299.24,301.3 1 0
zrp/handler_advanced_search.go:301.8,303.3 1 0
zrp/handler_advanced_search.go:306.2,309.16 4 0
zrp/handler_advanced_search.go:309.16,311.3 1 0
zrp/handler_advanced_search.go:314.2,320.16 3 0
zrp/handler_advanced_search.go:320.16,322.3 1 0
zrp/handler_advanced_search.go:323.2,326.18 3 0
zrp/handler_advanced_search.go:326.18,332.61 4 0
zrp/handler_advanced_search.go:332.61,333.12 1 0
zrp/handler_advanced_search.go:336.3,347.30 2 0
zrp/handler_advanced_search.go:350.2,359.8 3 0
zrp/handler_advanced_search.go:363.59,365.16 2 0
zrp/handler_advanced_search.go:365.16,367.3 1 0
zrp/handler_advanced_search.go:369.2,370.24 2 0
zrp/handler_advanced_search.go:370.24,372.3 1 0
zrp/handler_advanced_search.go:372.8,374.3 1 0
zrp/handler_advanced_search.go:377.2,380.16 4 0
zrp/handler_advanced_search.go:380.16,382.3 1 0
zrp/handler_advanced_search.go:385.2,391.16 3 0
zrp/handler_advanced_search.go:391.16,393.3 1 0
zrp/handler_advanced_search.go:394.2,397.18 3 0
zrp/handler_advanced_search.go:397.18,405.104 6 0
zrp/handler_advanced_search.go:405.104,406.12 1 0
zrp/handler_advanced_search.go:409.3,424.27 2 0
zrp/handler_advanced_search.go:427.2,436.8 3 0
zrp/handler_advanced_search.go:440.62,442.16 2 0
zrp/handler_advanced_search.go:442.16,444.3 1 0
zrp/handler_advanced_search.go:446.2,447.24 2 0
zrp/handler_advanced_search.go:447.24,449.3 1 0
zrp/handler_advanced_search.go:449.8,451.3 1 0
zrp/handler_advanced_search.go:454.2,457.16 4 0
zrp/handler_advanced_search.go:457.16,459.3 1 0
zrp/handler_advanced_search.go:462.2,468.16 3 0
zrp/handler_advanced_search.go:468.16,470.3 1 0
zrp/handler_advanced_search.go:471.2,474.18 3 0
zrp/handler_advanced_search.go:474.18,480.70 4 0
zrp/handler_advanced_search.go:480.70,481.12 1 0
zrp/handler_advanced_search.go:484.3,496.36 2 0
zrp/handler_advanced_search.go:499.2,508.8 3 0
zrp/handler_advanced_search.go:512.58,514.16 2 0
zrp/handler_advanced_search.go:514.16,516.3 1 0
zrp/handler_advanced_search.go:518.2,519.24 2 0
zrp/handler_advanced_search.go:519.24,521.3 1 0
zrp/handler_advanced_search.go:521.8,523.3 1 0
zrp/handler_advanced_search.go:526.2,529.16 4 0
zrp/handler_advanced_search.go:529.16,531.3 1 0
zrp/handler_advanced_search.go:534.2,540.16 3 0
zrp/handler_advanced_search.go:540.16,542.3 1 0
zrp/handler_advanced_search.go:543.2,546.18 3 0
zrp/handler_advanced_search.go:546.18,553.49 5 0
zrp/handler_advanced_search.go:553.49,554.12 1 0
zrp/handler_advanced_search.go:557.3,568.24 2 0
zrp/handler_advanced_search.go:571.2,580.8 3 0
zrp/handler_advanced_search.go:585.68,587.69 2 0
zrp/handler_advanced_search.go:587.69,590.3 2 0
zrp/handler_advanced_search.go:592.2,604.16 6 0
zrp/handler_advanced_search.go:604.16,607.3 2 0
zrp/handler_advanced_search.go:609.2,609.26 1 0
zrp/handler_advanced_search.go:612.69,621.22 5 0
zrp/handler_advanced_search.go:621.22,624.3 2 0
zrp/handler_advanced_search.go:625.2,628.16 3 0
zrp/handler_advanced_search.go:628.16,631.3 2 0
zrp/handler_advanced_search.go:632.2,635.18 3 0
zrp/handler_advanced_search.go:635.18,641.65 5 0
zrp/handler_advanced_search.go:641.65,642.12 1 0
zrp/handler_advanced_search.go:644.3,644.20 1 0
zrp/handler_advanced_search.go:644.20,646.4 1 0
zrp/handler_advanced_search.go:647.3,647.23 1 0
zrp/handler_advanced_search.go:647.23,649.4 1 0
zrp/handler_advanced_search.go:650.3,650.23 1 0
zrp/handler_advanced_search.go:650.23,652.4 1 0
zrp/handler_advanced_search.go:653.3,655.33 3 0
zrp/handler_advanced_search.go:658.2,658.23 1 0
zrp/handler_advanced_search.go:661.70,667.16 4 0
zrp/handler_advanced_search.go:667.16,670.3 2 0
zrp/handler_advanced_search.go:672.2,673.15 2 0
zrp/handler_advanced_search.go:673.15,676.3 2 0
zrp/handler_advanced_search.go:678.2,678.54 1 0
zrp/handler_advanced_search.go:681.68,685.2 3 0
zrp/handler_advanced_search.go:687.69,692.46 4 0
zrp/handler_advanced_search.go:692.46,693.54 1 0
zrp/handler_advanced_search.go:693.54,695.4 1 0
zrp/handler_advanced_search.go:698.2,701.22 3 0
zrp/handler_advanced_search.go:701.22,704.3 2 0
zrp/handler_advanced_search.go:706.2,710.16 4 0
zrp/handler_advanced_search.go:710.16,713.3 2 0
zrp/handler_advanced_search.go:714.2,724.18 4 0
zrp/handler_advanced_search.go:724.18,726.108 2 0
zrp/handler_advanced_search.go:726.108,727.12 1 0
zrp/handler_advanced_search.go:729.3,729.35 1 0
zrp/handler_advanced_search.go:732.2,732.22 1 0
zrp/handler_advanced_search.go:735.55,739.2 2 0
zrp/handler_advanced_search.go:741.49,745.16 2 0
zrp/handler_advanced_search.go:745.16,747.3 1 0
zrp/handler_advanced_search.go:748.2,748.13 1 0
zrp/handler_apikeys.go:30.39,32.40 2 0
zrp/handler_apikeys.go:32.40,34.3 1 0
zrp/handler_apikeys.go:35.2,35.44 1 0
zrp/handler_apikeys.go:38.36,41.2 2 0
zrp/handler_apikeys.go:43.64,45.16 2 0
zrp/handler_apikeys.go:45.16,48.3 2 0
zrp/handler_apikeys.go:49.2,52.18 3 0
zrp/handler_apikeys.go:52.18,55.128 3 0
zrp/handler_apikeys.go:55.128,56.12 1 0
zrp/handler_apikeys.go:58.3,60.25 3 0
zrp/handler_apikeys.go:62.2,62.17 1 0
zrp/handler_apikeys.go:62.17,64.3 1 0
zrp/handler_apikeys.go:65.2,65.19 1 0
zrp/handler_apikeys.go:68.65,70.61 2 0
zrp/handler_apikeys.go:70.61,73.3 2 0
zrp/handler_apikeys.go:74.2,74.20 1 0
zrp/handler_apikeys.go:74.20,77.3 2 0
zrp/handler_apikeys.go:79.2,80.16 2 0
zrp/handler_apikeys.go:80.16,83.3 2 0
zrp/handler_apikeys.go:85.2,89.50 4 0
zrp/handler_apikeys.go:89.50,91.3 1 0
zrp/handler_apikeys.go:93.2,95.16 2 0
zrp/handler_apikeys.go:95.16,98.3 2 0
zrp/handler_apikeys.go:100.2,113.4 3 0
zrp/handler_apikeys.go:116.76,118.16 2 0
zrp/handler_apikeys.go:118.16,121.3 2 0
zrp/handler_apikeys.go:122.2,123.12 2 0
zrp/handler_apikeys.go:123.12,126.3 2 0
zrp/handler_apikeys.go:127.2,128.67 2 0
zrp/handler_apikeys.go:131.76,135.62 2 0
zrp/handler_apikeys.go:135.62,138.3 2 0
zrp/handler_apikeys.go:139.2,140.16 2 0
zrp/handler_apikeys.go:140.16,143.3 2 0
zrp/handler_apikeys.go:144.2,145.15 2 0
zrp/handler_apikeys.go:145.15,148.3 2 0
zrp/handler_apikeys.go:149.2,150.23 2 0
zrp/handler_apikeys.go:150.23,152.3 1 0
zrp/handler_apikeys.go:153.2,154.67 2 0
zrp/handler_apikeys.go:159.45,160.39 1 0
zrp/handler_apikeys.go:160.39,162.3 1 0
zrp/handler_apikeys.go:163.2,168.32 6 0
zrp/handler_apikeys.go:168.32,170.3 1 0
zrp/handler_apikeys.go:171.2,171.42 1 0
zrp/handler_apikeys.go:171.42,173.17 2 0
zrp/handler_apikeys.go:173.17,175.4 1 0
zrp/handler_apikeys.go:176.3,176.42 1 0
zrp/handler_apikeys.go:176.42,178.4 1 0
zrp/handler_apikeys.go:180.2,181.13 2 0
zrp/handler_apikeys.go:184.13,187.2 1 1
zrp/handler_attachments.go:26.69,31.60 3 0
zrp/handler_attachments.go:31.60,32.62 1 0
zrp/handler_attachments.go:32.62,34.4 1 0
zrp/handler_attachments.go:34.9,36.4 1 0
zrp/handler_attachments.go:37.3,37.9 1 0
zrp/handler_attachments.go:40.2,42.36 3 0
zrp/handler_attachments.go:42.36,45.3 2 0
zrp/handler_attachments.go:47.2,48.16 2 0
zrp/handler_attachments.go:48.16,51.3 2 0
zrp/handler_attachments.go:52.2,60.20 5 0
zrp/handler_attachments.go:60.20,63.3 2 0
zrp/handler_attachments.go:66.2,75.16 6 0
zrp/handler_attachments.go:75.16,78.3 2 0
zrp/handler_attachments.go:79.2,81.16 3 0
zrp/handler_attachments.go:81.16,84.3 2 0
zrp/handler_attachments.go:87.2,88.38 2 0
zrp/handler_attachments.go:88.38,90.3 1 0
zrp/handler_attachments.go:92.2,95.16 3 0
zrp/handler_attachments.go:95.16,98.3 2 0
zrp/handler_attachments.go:100.2,111.4 3 0
zrp/handler_attachments.go:114.68,117.36 3 0
zrp/handler_attachments.go:117.36,120.3 2 0
zrp/handler_attachments.go:121.2,123.16 2 0
zrp/handler_attachments.go:123.16,126.3 2 0
zrp/handler_attachments.go:127.2,129.18 3 0
zrp/handler_attachments.go:129.18,133.3 3 0
zrp/handler_attachments.go:134.2,134.17 1 0
zrp/handler_attachments.go:134.17,136.3 1 0
zrp/handler_attachments.go:137.2,137.19 1 0
zrp/handler_attachments.go:140.79,142.49 2 0
zrp/handler_attachments.go:142.49,145.3 2 0
zrp/handler_attachments.go:146.2,147.28 2 0
zrp/handler_attachments.go:150.83,152.16 2 0
zrp/handler_attachments.go:152.16,155.3 2 0
zrp/handler_attachments.go:156.2,158.16 3 0
zrp/handler_attachments.go:158.16,161.3 2 0
zrp/handler_attachments.go:163.2,164.16 2 0
zrp/handler_attachments.go:164.16,167.3 2 0
zrp/handler_attachments.go:169.2,170.15 2 0
zrp/handler_attachments.go:170.15,173.3 2 0
zrp/handler_attachments.go:176.2,177.44 2 0
zrp/handler_attachments.go:177.44,180.3 1 0
zrp/handler_attachments.go:182.2,183.53 2 0
zrp/handler_attachments.go:186.85,188.16 2 0
zrp/handler_attachments.go:188.16,191.3 2 0
zrp/handler_attachments.go:192.2,194.16 3 0
zrp/handler_attachments.go:194.16,197.3 2 0
zrp/handler_attachments.go:198.2,199.53 2 0
zrp/handler_attachments.go:199.53,202.3 2 0
zrp/handler_attachments.go:203.2,203.20 1 0
zrp/handler_attachments.go:203.20,205.3 1 0
zrp/handler_attachments.go:206.2,207.32 2 0
zrp/handler_auth.go:21.42,30.46 6 0
zrp/handler_auth.go:30.46,31.22 1 0
zrp/handler_auth.go:31.22,33.4 1 0
zrp/handler_auth.go:35.2,37.22 2 0
zrp/handler_auth.go:37.22,39.3 1 0
zrp/handler_auth.go:41.2,42.13 2 0
zrp/handler_auth.go:45.28,49.2 3 0
zrp/handler_auth.go:51.42,52.55 1 0
zrp/handler_auth.go:52.55,54.3 1 0
zrp/handler_auth.go:55.2,56.13 2 0
zrp/handler_auth.go:71.58,74.30 2 0
zrp/handler_auth.go:74.30,77.3 2 0
zrp/handler_auth.go:79.2,80.61 2 0
zrp/handler_auth.go:80.61,83.3 2 0
zrp/handler_auth.go:86.2,87.26 2 0
zrp/handler_auth.go:87.26,90.3 2 0
zrp/handler_auth.go:92.2,97.16 5 0
zrp/handler_auth.go:97.16,100.3 2 0
zrp/handler_auth.go:102.2,102.98 1 0
zrp/handler_auth.go:102.98,107.3 3 0
zrp/handler_auth.go:109.2,109.17 1 0
zrp/handler_auth.go:109.17,112.3 2 0
zrp/handler_auth.go:115.2,123.25 5 0
zrp/handler_auth.go:123.25,127.17 3 0
zrp/handler_auth.go:127.17,128.9 1 0
zrp/handler_auth.go:130.3,130.37 1 0
zrp/handler_auth.go:132.2,132.16 1 0
zrp/handler_auth.go:132.16,135.3 2 0
zrp/handler_auth.go:138.2,152.16 4 0
zrp/handler_auth.go:152.16,155.3 1 0
zrp/handler_auth.go:157.2,161.4 2 0
zrp/handler_auth.go:164.59,166.16 2 0
zrp/handler_auth.go:166.16,168.3 1 0
zrp/handler_auth.go:170.2,179.62 3 0
zrp/handler_auth.go:182.55,184.16 2 0
zrp/handler_auth.go:184.16,189.3 4 0
zrp/handler_auth.go:191.2,198.16 5 0
zrp/handler_auth.go:198.16,203.3 4 0
zrp/handler_auth.go:206.2,206.24 1 0
zrp/handler_auth.go:206.24,215.34 4 0
zrp/handler_auth.go:215.34,217.23 2 0
zrp/handler_auth.go:217.23,218.10 1 0
zrp/handler_auth.go:222.3,222.22 1 0
zrp/handler_auth.go:222.22,224.41 2 0
zrp/handler_auth.go:224.41,231.5 5 0
zrp/handler_auth.go:236.2,242.4 3 0
zrp/handler_auth.go:245.67,247.24 2 0
zrp/handler_auth.go:247.24,250.3 2 0
zrp/handler_auth.go:252.2,256.61 2 0
zrp/handler_auth.go:256.61,259.3 2 0
zrp/handler_auth.go:260.2,260.56 1 0
zrp/handler_auth.go:260.56,263.3 2 0
zrp/handler_auth.go:266.2,266.66 1 0
zrp/handler_auth.go:266.66,269.3 2 0
zrp/handler_auth.go:271.2,273.16 3 0
zrp/handler_auth.go:273.16,276.3 2 0
zrp/handler_auth.go:278.2,278.104 1 0
zrp/handler_auth.go:278.104,281.3 2 0
zrp/handler_auth.go:284.2,284.70 1 0
zrp/handler_auth.go:284.70,287.3 2 0
zrp/handler_auth.go:289.2,290.16 2 0
zrp/handler_auth.go:290.16,293.3 2 0
zrp/handler_auth.go:295.2,296.16 2 0
zrp/handler_auth.go:296.16,299.3 2 0
zrp/handler_auth.go:302.2,304.62 2 0
zrp/handler_auth.go:307.29,311.2 3 0
zrp/handler_auth.go:314.52,328.16 6 0
zrp/handler_auth.go:328.16,330.3 1 0
zrp/handler_auth.go:332.2,332.19 1 0
zrp/handler_auth.go:336.65,338.24 2 0
zrp/handler_auth.go:338.24,341.3 2 0
zrp/handler_auth.go:343.2,344.16 2 0
zrp/handler_auth.go:344.16,347.3 2 0
zrp/handler_auth.go:349.2,353.4 2 0
zrp/handler_backup.go:28.41,30.22 2 0
zrp/handler_backup.go:30.22,32.3 1 0
zrp/handler_backup.go:34.2,34.12 1 0
zrp/handler_backup.go:34.12,35.7 1 0
zrp/handler_backup.go:35.7,38.24 3 0
zrp/handler_backup.go:38.24,40.5 1 0
zrp/handler_backup.go:41.4,44.42 3 0
zrp/handler_backup.go:44.42,46.5 1 0
zrp/handler_backup.go:46.10,49.5 2 0
zrp/handler_backup.go:54.28,58.53 3 0
zrp/handler_backup.go:58.53,60.3 1 0
zrp/handler_backup.go:62.2,68.6 5 0
zrp/handler_backup.go:68.6,69.54 1 0
zrp/handler_backup.go:69.54,70.9 1 0
zrp/handler_backup.go:72.3,74.12 3 0
zrp/handler_backup.go:77.2,78.16 2 0
zrp/handler_backup.go:78.16,80.3 1 0
zrp/handler_backup.go:82.2,82.12 1 0
zrp/handler_backup.go:85.24,87.16 2 0
zrp/handler_backup.go:87.16,90.3 2 0
zrp/handler_backup.go:92.2,92.37 1 0
zrp/handler_backup.go:92.37,94.3 1 0
zrp/handler_backup.go:97.2,97.42 1 0
zrp/handler_backup.go:97.42,99.3 1 0
zrp/handler_backup.go:101.2,101.52 1 0
zrp/handler_backup.go:101.52,103.41 2 0
zrp/handler_backup.go:103.41,105.4 1 0
zrp/handler_backup.go:105.9,107.4 1 0
zrp/handler_backup.go:111.42,113.16 2 0
zrp/handler_backup.go:113.16,114.25 1 0
zrp/handler_backup.go:114.25,116.4 1 0
zrp/handler_backup.go:117.3,117.18 1 0
zrp/handler_backup.go:120.2,121.28 2 0
zrp/handler_backup.go:121.28,122.102 1 0
zrp/handler_backup.go:122.102,123.12 1 0
zrp/handler_backup.go:125.3,126.17 2 0
zrp/handler_backup.go:126.17,127.12 1 0
zrp/handler_backup.go:129.3,133.5 1 0
zrp/handler_backup.go:137.2,137.42 1 0
zrp/handler_backup.go:137.42,139.3 1 0
zrp/handler_backup.go:141.2,141.21 1 0
zrp/handler_backup.go:144.65,145.40 1 0
zrp/handler_backup.go:145.40,148.3 2 0
zrp/handler_backup.go:149.2,149.77 1 0
zrp/handler_backup.go:152.64,154.16 2 0
zrp/handler_backup.go:154.16,157.3 2 0
zrp/handler_backup.go:158.2,158.22 1 0
zrp/handler_backup.go:161.82,162.73 1 0
zrp/handler_backup.go:162.73,165.3 2 0
zrp/handler_backup.go:167.2,168.40 2 0
zrp/handler_backup.go:168.40,169.25 1 0
zrp/handler_backup.go:169.25,171.4 1 0
zrp/handler_backup.go:171.9,173.4 1 0
zrp/handler_backup.go:174.3,174.9 1 0
zrp/handler_backup.go:176.2,176.48 1 0
zrp/handler_backup.go:179.84,180.73 1 0
zrp/handler_backup.go:180.73,183.3 2 0
zrp/handler_backup.go:185.2,187.16 3 0
zrp/handler_backup.go:187.16,188.25 1 0
zrp/handler_backup.go:188.25,190.4 1 0
zrp/handler_backup.go:190.9,192.4 1 0
zrp/handler_backup.go:193.3,193.9 1 0
zrp/handler_backup.go:195.2,201.15 6 0
zrp/handler_backup.go:204.66,208.66 2 0
zrp/handler_backup.go:208.66,211.3 2 0
zrp/handler_backup.go:213.2,213.81 1 0
zrp/handler_backup.go:213.81,216.3 2 0
zrp/handler_backup.go:218.2,219.55 2 0
zrp/handler_backup.go:219.55,222.3 2 0
zrp/handler_backup.go:225.2,225.40 1 0
zrp/handler_backup.go:225.40,227.3 1 0
zrp/handler_backup.go:230.2,231.16 2 0
zrp/handler_backup.go:231.16,234.3 2 0
zrp/handler_backup.go:237.2,237.61 1 0
zrp/handler_backup.go:237.61,240.3 2 0
zrp/handler_backup.go:243.2,244.43 2 0
zrp/handler_backup.go:244.43,247.3 2 0
zrp/handler_backup.go:249.2,249.101 1 0
zrp/handler_bulk.go:22.61,24.61 2 0
zrp/handler_bulk.go:24.61,26.3 2 0
zrp/handler_bulk.go:27.2,28.26 2 0
zrp/handler_bulk.go:28.26,30.3 2 0
zrp/handler_bulk.go:31.2,34.29 4 0
zrp/handler_bulk.go:34.29,37.18 3 0
zrp/handler_bulk.go:37.18,38.80 3 0
zrp/handler_bulk.go:40.3,41.21 2 0
zrp/handler_bulk.go:42.18,43.129 1 0
zrp/handler_bulk.go:44.20,45.93 1 0
zrp/handler_bulk.go:46.17,47.90 1 0
zrp/handler_bulk.go:48.17,50.55 2 0
zrp/handler_bulk.go:52.3,52.17 1 0
zrp/handler_bulk.go:52.17,54.4 2 0
zrp/handler_bulk.go:54.9,57.4 2 0
zrp/handler_bulk.go:59.2,59.19 1 0
zrp/handler_bulk.go:62.67,64.61 2 0
zrp/handler_bulk.go:64.61,66.3 2 0
zrp/handler_bulk.go:67.2,68.26 2 0
zrp/handler_bulk.go:68.26,70.3 2 0
zrp/handler_bulk.go:71.2,74.29 4 0
zrp/handler_bulk.go:74.29,77.18 3 0
zrp/handler_bulk.go:77.18,78.80 3 0
zrp/handler_bulk.go:80.3,81.21 2 0
zrp/handler_bulk.go:82.19,83.100 1 0
zrp/handler_bulk.go:84.17,85.80 1 0
zrp/handler_bulk.go:86.17,88.62 2 0
zrp/handler_bulk.go:90.3,90.17 1 0
zrp/handler_bulk.go:90.17,92.4 2 0
zrp/handler_bulk.go:92.9,95.4 2 0
zrp/handler_bulk.go:97.2,97.19 1 0
zrp/handler_bulk.go:100.61,102.61 2 0
zrp/handler_bulk.go:102.61,104.3 2 0
zrp/handler_bulk.go:105.2,106.26 2 0
zrp/handler_bulk.go:106.26,108.3 2 0
zrp/handler_bulk.go:109.2,112.29 4 0
zrp/handler_bulk.go:112.29,115.18 3 0
zrp/handler_bulk.go:115.18,116.80 3 0
zrp/handler_bulk.go:118.3,119.21 2 0
zrp/handler_bulk.go:120.16,121.89 1 0
zrp/handler_bulk.go:122.18,123.91 1 0
zrp/handler_bulk.go:124.17,126.55 2 0
zrp/handler_bulk.go:128.3,128.17 1 0
zrp/handler_bulk.go:128.17,130.4 2 0
zrp/handler_bulk.go:130.9,133.4 2 0
zrp/handler_bulk.go:135.2,135.19 1 0
zrp/handler_bulk.go:138.64,140.61 2 0
zrp/handler_bulk.go:140.61,142.3 2 0
zrp/handler_bulk.go:143.2,144.26 2 0
zrp/handler_bulk.go:144.26,146.3 2 0
zrp/handler_bulk.go:147.2,149.29 3 0
zrp/handler_bulk.go:149.29,152.18 3 0
zrp/handler_bulk.go:152.18,153.80 3 0
zrp/handler_bulk.go:155.3,156.21 2 0
zrp/handler_bulk.go:157.23,158.92 1 0
zrp/handler_bulk.go:159.17,161.69 2 0
zrp/handler_bulk.go:163.3,163.17 1 0
zrp/handler_bulk.go:163.17,165.4 2 0
zrp/handler_bulk.go:165.9,168.4 2 0
zrp/handler_bulk.go:170.2,170.19 1 0
zrp/handler_bulk.go:173.66,175.61 2 0
zrp/handler_bulk.go:175.61,177.3 2 0
zrp/handler_bulk.go:178.2,178.28 1 0
zrp/handler_bulk.go:178.28,180.3 2 0
zrp/handler_bulk.go:181.2,183.29 3 0
zrp/handler_bulk.go:183.29,186.18 3 0
zrp/handler_bulk.go:186.18,187.80 3 0
zrp/handler_bulk.go:189.3,191.17 3 0
zrp/handler_bulk.go:191.17,193.4 2 0
zrp/handler_bulk.go:193.9,196.4 2 0
zrp/handler_bulk.go:198.2,198.19 1 0
zrp/handler_bulk.go:201.61,203.61 2 0
zrp/handler_bulk.go:203.61,205.3 2 0
zrp/handler_bulk.go:206.2,207.26 2 0
zrp/handler_bulk.go:207.26,209.3 2 0
zrp/handler_bulk.go:210.2,213.29 4 0
zrp/handler_bulk.go:213.29,216.18 3 0
zrp/handler_bulk.go:216.18,217.80 3 0
zrp/handler_bulk.go:219.3,220.21 2 0
zrp/handler_bulk.go:221.16,222.89 1 0
zrp/handler_bulk.go:223.17,225.55 2 0
zrp/handler_bulk.go:227.3,227.17 1 0
zrp/handler_bulk.go:227.17,229.4 2 0
zrp/handler_bulk.go:229.9,232.4 2 0
zrp/handler_bulk.go:234.2,234.19 1 0
zrp/handler_bulk.go:237.62,239.61 2 0
zrp/handler_bulk.go:239.61,241.3 2 0
zrp/handler_bulk.go:242.2,243.26 2 0
zrp/handler_bulk.go:243.26,245.3 2 0
zrp/handler_bulk.go:246.2,248.29 3 0
zrp/handler_bulk.go:248.29,251.18 3 0
zrp/handler_bulk.go:251.18,252.80 3 0
zrp/handler_bulk.go:254.3,255.21 2 0
zrp/handler_bulk.go:256.18,257.74 1 0
zrp/handler_bulk.go:258.17,260.57 2 0
zrp/handler_bulk.go:262.3,262.17 1 0
zrp/handler_bulk.go:262.17,264.4 2 0
zrp/handler_bulk.go:264.9,267.4 2 0
zrp/handler_bulk.go:269.2,269.19 1 0
zrp/handler_bulk.go:272.71,274.61 2 0
zrp/handler_bulk.go:274.61,276.3 2 0
zrp/handler_bulk.go:277.2,278.26 2 0
zrp/handler_bulk.go:278.26,280.3 2 0
zrp/handler_bulk.go:281.2,284.29 4 0
zrp/handler_bulk.go:284.29,287.18 3 0
zrp/handler_bulk.go:287.18,288.80 3 0
zrp/handler_bulk.go:290.3,291.21 2 0
zrp/handler_bulk.go:292.18,293.122 1 0
zrp/handler_bulk.go:294.17,295.84 1 0
zrp/handler_bulk.go:296.17,298.66 2 0
zrp/handler_bulk.go:300.3,300.17 1 0
zrp/handler_bulk.go:300.17,302.4 2 0
zrp/handler_bulk.go:302.9,305.4 2 0
zrp/handler_bulk.go:307.2,307.19 1 0
zrp/handler_bulk_update.go:37.72,39.61 2 0
zrp/handler_bulk_update.go:39.61,42.3 2 0
zrp/handler_bulk_update.go:43.2,43.23 1 0
zrp/handler_bulk_update.go:43.23,46.3 2 0
zrp/handler_bulk_update.go:47.2,47.27 1 0
zrp/handler_bulk_update.go:47.27,50.3 2 0
zrp/handler_bulk_update.go:51.2,51.33 1 0
zrp/handler_bulk_update.go:51.33,52.43 1 0
zrp/handler_bulk_update.go:52.43,55.4 2 0
zrp/handler_bulk_update.go:58.2,62.29 4 0
zrp/handler_bulk_update.go:62.29,65.18 3 0
zrp/handler_bulk_update.go:65.18,68.12 3 0
zrp/handler_bulk_update.go:72.3,74.41 3 0
zrp/handler_bulk_update.go:74.41,77.4 2 0
zrp/handler_bulk_update.go:78.3,80.17 3 0
zrp/handler_bulk_update.go:80.17,83.4 2 0
zrp/handler_bulk_update.go:83.9,86.4 2 0
zrp/handler_bulk_update.go:88.2,88.19 1 0
zrp/handler_bulk_update.go:91.73,93.61 2 0
zrp/handler_bulk_update.go:93.61,96.3 2 0
zrp/handler_bulk_update.go:97.2,97.23 1 0
zrp/handler_bulk_update.go:97.23,100.3 2 0
zrp/handler_bulk_update.go:101.2,101.27 1 0
zrp/handler_bulk_update.go:101.27,104.3 2 0
zrp/handler_bulk_update.go:105.2,105.33 1 0
zrp/handler_bulk_update.go:105.33,106.43 1 0
zrp/handler_bulk_update.go:106.43,109.4 2 0
zrp/handler_bulk_update.go:113.2,113.40 1 0
zrp/handler_bulk_update.go:113.40,115.24 2 0
zrp/handler_bulk_update.go:115.24,118.4 2 0
zrp/handler_bulk_update.go:120.2,120.42 1 0
zrp/handler_bulk_update.go:120.42,122.26 2 0
zrp/handler_bulk_update.go:122.26,125.4 2 0
zrp/handler_bulk_update.go:128.2,131.29 3 0
zrp/handler_bulk_update.go:131.29,134.18 3 0
zrp/handler_bulk_update.go:134.18,137.12 3 0
zrp/handler_bulk_update.go:140.3,142.41 3 0
zrp/handler_bulk_update.go:142.41,143.24 1 0
zrp/handler_bulk_update.go:143.24,145.5 1 0
zrp/handler_bulk_update.go:146.4,147.30 2 0
zrp/handler_bulk_update.go:149.3,151.17 3 0
zrp/handler_bulk_update.go:151.17,154.4 2 0
zrp/handler_bulk_update.go:154.9,157.4 2 0
zrp/handler_bulk_update.go:159.2,159.19 1 0
zrp/handler_bulk_update.go:162.70,164.61 2 0
zrp/handler_bulk_update.go:164.61,167.3 2 0
zrp/handler_bulk_update.go:168.2,168.23 1 0
zrp/handler_bulk_update.go:168.23,171.3 2 0
zrp/handler_bulk_update.go:172.2,172.27 1 0
zrp/handler_bulk_update.go:172.27,175.3 2 0
zrp/handler_bulk_update.go:176.2,176.33 1 0
zrp/handler_bulk_update.go:176.33,177.40 1 0
zrp/handler_bulk_update.go:177.40,180.4 2 0
zrp/handler_bulk_update.go:183.2,183.40 1 0
zrp/handler_bulk_update.go:183.40,185.24 2 0
zrp/handler_bulk_update.go:185.24,188.4 2 0
zrp/handler_bulk_update.go:191.2,194.29 3 0
zrp/handler_bulk_update.go:194.29,197.18 3 0
zrp/handler_bulk_update.go:197.18,200.12 3 0
zrp/handler_bulk_update.go:203.3,205.41 3 0
zrp/handler_bulk_update.go:205.41,206.24 1 0
zrp/handler_bulk_update.go:206.24,208.5 1 0
zrp/handler_bulk_update.go:209.4,210.30 2 0
zrp/handler_bulk_update.go:212.3,214.17 3 0
zrp/handler_bulk_update.go:214.17,217.4 2 0
zrp/handler_bulk_update.go:217.9,220.4 2 0
zrp/handler_bulk_update.go:222.2,222.19 1 0
zrp/handler_bulk_update.go:225.68,227.61 2 0
zrp/handler_bulk_update.go:227.61,230.3 2 0
zrp/handler_bulk_update.go:231.2,231.23 1 0
zrp/handler_bulk_update.go:231.23,234.3 2 0
zrp/handler_bulk_update.go:235.2,235.27 1 0
zrp/handler_bulk_update.go:235.27,238.3 2 0
zrp/handler_bulk_update.go:239.2,239.33 1 0
zrp/handler_bulk_update.go:239.33,240.38 1 0
zrp/handler_bulk_update.go:240.38,243.4 2 0
zrp/handler_bulk_update.go:246.2,250.29 4 0
zrp/handler_bulk_update.go:250.29,253.18 3 0
zrp/handler_bulk_update.go:253.18,256.12 3 0
zrp/handler_bulk_update.go:259.3,261.41 3 0
zrp/handler_bulk_update.go:261.41,264.4 2 0
zrp/handler_bulk_update.go:265.3,267.17 3 0
zrp/handler_bulk_update.go:267.17,270.4 2 0
zrp/handler_bulk_update.go:270.9,273.4 2 0
zrp/handler_bulk_update.go:275.2,275.19 1 0
zrp/handler_bulk_update.go:278.67,280.61 2 0
zrp/handler_bulk_update.go:280.61,283.3 2 0
zrp/handler_bulk_update.go:284.2,284.23 1 0
zrp/handler_bulk_update.go:284.23,287.3 2 0
zrp/handler_bulk_update.go:288.2,288.27 1 0
zrp/handler_bulk_update.go:288.27,291.3 2 0
zrp/handler_bulk_update.go:292.2,292.33 1 0
zrp/handler_bulk_update.go:292.33,293.37 1 0
zrp/handler_bulk_update.go:293.37,296.4 2 0
zrp/handler_bulk_update.go:299.2,299.40 1 0
zrp/handler_bulk_update.go:299.40,301.24 2 0
zrp/handler_bulk_update.go:301.24,304.4 2 0
zrp/handler_bulk_update.go:307.2,311.29 4 0
zrp/handler_bulk_update.go:311.29,314.18 3 0
zrp/handler_bulk_update.go:314.18,317.12 3 0
zrp/handler_bulk_update.go:320.3,322.41 3 0
zrp/handler_bulk_update.go:322.41,325.4 2 0
zrp/handler_bulk_update.go:326.3,328.17 3 0
zrp/handler_bulk_update.go:328.17,331.4 2 0
zrp/handler_bulk_update.go:331.9,334.4 2 0
zrp/handler_bulk_update.go:336.2,336.19 1 0
zrp/handler_calendar.go:18.61,24.19 6 0
zrp/handler_calendar.go:24.19,25.50 1 0
zrp/handler_calendar.go:25.50,25.62 1 0
zrp/handler_calendar.go:27.2,27.20 1 0
zrp/handler_calendar.go:27.20,28.51 1 0
zrp/handler_calendar.go:28.51,28.64 1 0
zrp/handler_calendar.go:31.2,45.16 5 0
zrp/handler_calendar.go:45.16,47.19 2 0
zrp/handler_calendar.go:47.19,51.26 4 0
zrp/handler_calendar.go:51.26,51.52 1 0
zrp/handler_calendar.go:52.4,53.19 2 0
zrp/handler_calendar.go:53.19,53.36 1 0
zrp/handler_calendar.go:54.4,54.113 1 0
zrp/handler_calendar.go:59.2,60.16 2 0
zrp/handler_calendar.go:60.16,62.20 2 0
zrp/handler_calendar.go:62.20,65.26 3 0
zrp/handler_calendar.go:65.26,65.52 1 0
zrp/handler_calendar.go:66.4,67.19 2 0
zrp/handler_calendar.go:67.19,67.36 1 0
zrp/handler_calendar.go:68.4,68.107 1 0
zrp/handler_calendar.go:73.2,74.16 2 0
zrp/handler_calendar.go:74.16,76.20 2 0
zrp/handler_calendar.go:76.20,79.29 3 0
zrp/handler_calendar.go:79.29,79.61 1 0
zrp/handler_calendar.go:80.4,81.22 2 0
zrp/handler_calendar.go:81.22,81.79 1 0
zrp/handler_calendar.go:82.4,82.114 1 0
zrp/handler_calendar.go:86.2,86.19 1 0
zrp/handler_calendar.go:86.19,86.49 1 0
zrp/handler_calendar.go:87.2,87.21 1 0
zrp/handler_capa.go:31.62,37.16 2 0
zrp/handler_capa.go:37.16,40.3 2 0
zrp/handler_capa.go:41.2,43.18 3 0
zrp/handler_capa.go:43.18,53.3 6 0
zrp/handler_capa.go:54.2,54.18 1 0
zrp/handler_capa.go:54.18,56.3 1 0
zrp/handler_capa.go:57.2,57.20 1 0
zrp/handler_capa.go:60.71,72.16 4 0
zrp/handler_capa.go:72.16,75.3 2 0
zrp/handler_capa.go:76.2,78.16 3 0
zrp/handler_capa.go:81.63,83.42 2 0
zrp/handler_capa.go:83.42,86.3 2 0
zrp/handler_capa.go:88.2,95.18 8 0
zrp/handler_capa.go:95.18,95.70 1 0
zrp/handler_capa.go:96.2,96.20 1 0
zrp/handler_capa.go:96.20,96.79 1 0
zrp/handler_capa.go:97.2,98.20 2 0
zrp/handler_capa.go:98.20,98.59 2 0
zrp/handler_capa.go:100.2,101.20 2 0
zrp/handler_capa.go:101.20,103.3 1 0
zrp/handler_capa.go:104.2,104.18 1 0
zrp/handler_capa.go:104.18,106.3 1 0
zrp/handler_capa.go:107.2,111.16 3 0
zrp/handler_capa.go:111.16,114.3 2 0
zrp/handler_capa.go:115.2,120.16 6 0
zrp/handler_capa.go:123.74,128.16 5 0
zrp/handler_capa.go:128.16,131.3 2 0
zrp/handler_capa.go:133.2,134.45 2 0
zrp/handler_capa.go:134.45,137.3 2 0
zrp/handler_capa.go:139.2,139.39 1 0
zrp/handler_capa.go:139.39,140.41 1 0
zrp/handler_capa.go:140.41,142.4 1 0
zrp/handler_capa.go:143.3,143.12 1 0
zrp/handler_capa.go:146.2,168.20 19 0
zrp/handler_capa.go:168.20,168.59 2 0
zrp/handler_capa.go:170.2,184.16 5 0
zrp/handler_capa.go:184.16,187.3 2 0
zrp/handler_capa.go:190.2,190.17 1 0
zrp/handler_capa.go:190.17,190.46 1 0
zrp/handler_capa.go:191.2,191.20 1 0
zrp/handler_capa.go:191.20,191.51 1 0
zrp/handler_capa.go:192.2,192.23 1 0
zrp/handler_capa.go:192.23,192.64 1 0
zrp/handler_capa.go:193.2,193.23 1 0
zrp/handler_capa.go:193.23,193.64 1 0
zrp/handler_capa.go:194.2,194.21 1 0
zrp/handler_capa.go:194.21,194.58 1 0
zrp/handler_capa.go:195.2,195.22 1 0
zrp/handler_capa.go:195.22,195.61 1 0
zrp/handler_capa.go:196.2,196.17 1 0
zrp/handler_capa.go:196.17,196.46 1 0
zrp/handler_capa.go:197.2,197.19 1 0
zrp/handler_capa.go:197.19,197.52 1 0
zrp/handler_capa.go:198.2,198.30 1 0
zrp/handler_capa.go:198.30,198.85 1 0
zrp/handler_capa.go:201.2,201.52 1 0
zrp/handler_capa.go:201.52,204.3 2 0
zrp/handler_capa.go:205.2,205.71 1 0
zrp/handler_capa.go:205.71,209.30 3 0
zrp/handler_capa.go:209.30,209.78 1 0
zrp/handler_capa.go:210.3,210.31 1 0
zrp/handler_capa.go:210.31,210.81 1 0
zrp/handler_capa.go:211.3,211.58 1 0
zrp/handler_capa.go:211.58,214.4 2 0
zrp/handler_capa.go:218.2,223.68 4 0
zrp/handler_capa.go:223.68,224.31 1 0
zrp/handler_capa.go:224.31,227.4 2 0
zrp/handler_capa.go:228.3,229.16 2 0
zrp/handler_capa.go:233.2,233.71 1 0
zrp/handler_capa.go:233.71,234.36 1 0
zrp/handler_capa.go:234.36,237.4 2 0
zrp/handler_capa.go:238.3,239.17 2 0
zrp/handler_capa.go:243.2,244.18 2 0
zrp/handler_capa.go:244.18,246.3 1 0
zrp/handler_capa.go:249.2,251.60 1 0
zrp/handler_capa.go:251.60,254.3 2 0
zrp/handler_capa.go:256.2,263.16 2 0
zrp/handler_capa.go:263.16,266.3 2 0
zrp/handler_capa.go:268.2,272.25 4 0
zrp/handler_capa.go:275.65,287.16 4 0
zrp/handler_capa.go:287.16,289.3 1 0
zrp/handler_capa.go:290.2,296.8 1 0
zrp/handler_capa.go:300.66,312.16 4 0
zrp/handler_capa.go:312.16,315.3 2 0
zrp/handler_capa.go:316.2,319.18 3 0
zrp/handler_capa.go:319.18,323.3 3 0
zrp/handler_capa.go:324.2,324.22 1 0
zrp/handler_capa.go:324.22,326.3 1 0
zrp/handler_capa.go:329.2,337.4 4 0
zrp/handler_capa.go:341.33,343.2 1 0
zrp/handler_capa.go:345.57,346.21 1 0
zrp/handler_capa.go:346.21,348.3 1 0
zrp/handler_capa.go:349.2,354.17 4 0
zrp/handler_capa.go:354.17,356.19 2 0
zrp/handler_capa.go:356.19,360.4 3 0
zrp/handler_capa.go:365.26,369.16 3 0
zrp/handler_capa.go:369.16,371.3 1 0
zrp/handler_capa.go:372.2,374.18 2 0
zrp/handler_capa.go:374.18,383.21 6 0
zrp/handler_capa.go:383.21,384.23 1 0
zrp/handler_capa.go:384.23,388.5 3 0
zrp/handler_capa.go:389.4,389.19 1 0
zrp/handler_changes.go:25.99,31.16 2 0
zrp/handler_changes.go:31.16,33.3 1 0
zrp/handler_changes.go:34.2,43.16 3 0
zrp/handler_changes.go:47.115,49.20 2 0
zrp/handler_changes.go:49.20,52.3 2 0
zrp/handler_changes.go:53.2,53.20 1 0
zrp/handler_changes.go:53.20,56.3 2 0
zrp/handler_changes.go:57.2,57.77 1 0
zrp/handler_changes.go:61.66,65.20 4 0
zrp/handler_changes.go:65.20,66.72 1 0
zrp/handler_changes.go:66.72,68.4 1 0
zrp/handler_changes.go:71.2,77.16 2 0
zrp/handler_changes.go:77.16,80.3 2 0
zrp/handler_changes.go:81.2,84.18 3 0
zrp/handler_changes.go:84.18,88.3 3 0
zrp/handler_changes.go:89.2,89.20 1 0
zrp/handler_changes.go:89.20,91.3 1 0
zrp/handler_changes.go:92.2,92.22 1 0
zrp/handler_changes.go:96.77,98.16 2 0
zrp/handler_changes.go:98.16,101.3 2 0
zrp/handler_changes.go:103.2,110.16 4 0
zrp/handler_changes.go:110.16,113.3 2 0
zrp/handler_changes.go:115.2,115.23 1 0
zrp/handler_changes.go:115.23,118.3 2 0
zrp/handler_changes.go:121.2,121.25 1 0
zrp/handler_changes.go:122.16,124.72 1 0
zrp/handler_changes.go:124.72,127.4 2 0
zrp/handler_changes.go:128.16,130.88 1 0
zrp/handler_changes.go:130.88,133.4 2 0
zrp/handler_changes.go:134.16,136.88 1 0
zrp/handler_changes.go:136.88,139.4 2 0
zrp/handler_changes.go:140.10,142.9 2 0
zrp/handler_changes.go:146.2,150.25 3 0
zrp/handler_changes.go:151.16,152.23 1 0
zrp/handler_changes.go:153.16,154.23 1 0
zrp/handler_changes.go:155.16,156.23 1 0
zrp/handler_changes.go:159.2,170.4 3 0
zrp/handler_changes.go:174.54,177.16 2 0
zrp/handler_changes.go:177.16,179.3 1 0
zrp/handler_changes.go:181.2,185.16 3 0
zrp/handler_changes.go:185.16,187.3 1 0
zrp/handler_changes.go:189.2,190.12 2 0
zrp/handler_changes.go:194.65,196.19 1 0
zrp/handler_changes.go:197.14,198.30 1 0
zrp/handler_changes.go:199.21,200.36 1 0
zrp/handler_changes.go:201.14,202.30 1 0
zrp/handler_changes.go:203.17,204.33 1 0
zrp/handler_changes.go:205.19,206.36 1 0
zrp/handler_changes.go:207.14,208.30 1 0
zrp/handler_changes.go:209.17,210.33 1 0
zrp/handler_changes.go:211.16,212.32 1 0
zrp/handler_changes.go:213.25,214.29 1 0
zrp/handler_changes.go:215.10,216.45 1 0
zrp/handler_changes.go:221.55,223.61 2 0
zrp/handler_changes.go:223.61,225.3 1 0
zrp/handler_changes.go:226.2,226.17 1 0
zrp/handler_changes.go:226.17,228.3 1 0
zrp/handler_changes.go:230.2,233.22 4 0
zrp/handler_changes.go:233.22,237.3 3 0
zrp/handler_changes.go:240.2,241.16 2 0
zrp/handler_changes.go:241.16,243.3 1 0
zrp/handler_changes.go:246.2,246.27 1 0
zrp/handler_changes.go:246.27,247.59 1 0
zrp/handler_changes.go:247.59,249.4 1 0
zrp/handler_changes.go:252.2,258.12 3 0
zrp/handler_changes.go:261.49,263.22 2 0
zrp/handler_changes.go:263.22,264.12 1 0
zrp/handler_changes.go:264.12,266.4 1 0
zrp/handler_changes.go:267.3,267.14 1 0
zrp/handler_changes.go:269.2,269.15 1 0
zrp/handler_changes.go:273.45,274.19 1 0
zrp/handler_changes.go:275.17,276.25 1 0
zrp/handler_changes.go:277.19,278.15 1 0
zrp/handler_changes.go:279.10,280.14 1 0
zrp/handler_devices.go:13.64,15.16 2 0
zrp/handler_devices.go:15.16,15.56 2 0
zrp/handler_devices.go:16.2,18.18 3 0
zrp/handler_devices.go:18.18,24.3 5 0
zrp/handler_devices.go:25.2,25.18 1 0
zrp/handler_devices.go:25.18,25.40 1 0
zrp/handler_devices.go:26.2,26.20 1 0
zrp/handler_devices.go:29.77,34.16 4 0
zrp/handler_devices.go:34.16,34.56 2 0
zrp/handler_devices.go:35.2,36.16 2 0
zrp/handler_devices.go:39.65,41.42 2 0
zrp/handler_devices.go:41.42,41.85 2 0
zrp/handler_devices.go:43.2,52.20 10 0
zrp/handler_devices.go:52.20,52.81 1 0
zrp/handler_devices.go:53.2,53.20 1 0
zrp/handler_devices.go:53.20,53.59 2 0
zrp/handler_devices.go:55.2,55.20 1 0
zrp/handler_devices.go:55.20,55.43 1 0
zrp/handler_devices.go:56.2,59.16 3 0
zrp/handler_devices.go:59.16,59.56 2 0
zrp/handler_devices.go:60.2,63.16 4 0
zrp/handler_devices.go:66.80,69.42 3 0
zrp/handler_devices.go:69.42,69.85 2 0
zrp/handler_devices.go:71.2,77.20 7 0
zrp/handler_devices.go:77.20,77.59 2 0
zrp/handler_devices.go:79.2,81.16 2 0
zrp/handler_devices.go:81.16,81.56 2 0
zrp/handler_devices.go:82.2,85.31 4 0
zrp/handler_devices.go:88.66,90.16 2 0
zrp/handler_devices.go:90.16,93.3 2 0
zrp/handler_devices.go:94.2,99.18 6 0
zrp/handler_devices.go:99.18,103.3 3 0
zrp/handler_devices.go:104.2,104.12 1 0
zrp/handler_devices.go:107.66,113.16 4 0
zrp/handler_devices.go:113.16,114.62 1 0
zrp/handler_devices.go:114.62,117.4 2 0
zrp/handler_devices.go:118.3,119.9 2 0
zrp/handler_devices.go:121.2,124.66 2 0
zrp/handler_devices.go:124.66,127.3 2 0
zrp/handler_devices.go:129.2,134.16 5 0
zrp/handler_devices.go:134.16,137.3 2 0
zrp/handler_devices.go:139.2,140.28 2 0
zrp/handler_devices.go:140.28,142.3 1 0
zrp/handler_devices.go:143.2,143.50 1 0
zrp/handler_devices.go:143.50,144.45 1 0
zrp/handler_devices.go:144.45,146.4 1 0
zrp/handler_devices.go:147.3,147.12 1 0
zrp/handler_devices.go:150.2,153.6 4 0
zrp/handler_devices.go:153.6,155.20 2 0
zrp/handler_devices.go:155.20,156.9 1 0
zrp/handler_devices.go:158.3,158.17 1 0
zrp/handler_devices.go:158.17,160.12 2 0
zrp/handler_devices.go:162.3,164.28 3 0
zrp/handler_devices.go:164.28,166.12 2 0
zrp/handler_devices.go:168.3,169.19 2 0
zrp/handler_devices.go:169.19,171.4 1 0
zrp/handler_devices.go:172.3,175.17 2 0
zrp/handler_devices.go:175.17,177.4 1 0
zrp/handler_devices.go:177.9,179.4 1 0
zrp/handler_devices.go:181.2,182.97 2 0
zrp/handler_devices.go:185.81,189.17 3 0
zrp/handler_devices.go:189.17,191.19 2 0
zrp/handler_devices.go:191.19,195.4 3 0
zrp/handler_devices.go:198.2,200.18 3 0
zrp/handler_devices.go:200.18,202.20 2 0
zrp/handler_devices.go:202.20,208.4 5 0
zrp/handler_devices.go:210.2,210.77 1 0
zrp/handler_doc_versions.go:11.38,12.15 1 0
zrp/handler_doc_versions.go:12.15,14.3 1 0
zrp/handler_doc_versions.go:15.2,16.39 2 0
zrp/handler_doc_versions.go:16.39,17.21 1 0
zrp/handler_doc_versions.go:17.21,20.4 2 0
zrp/handler_doc_versions.go:21.3,21.17 1 0
zrp/handler_doc_versions.go:23.2,23.28 1 0
zrp/handler_doc_versions.go:27.91,31.16 3 0
zrp/handler_doc_versions.go:31.16,33.3 1 0
zrp/handler_doc_versions.go:34.2,37.12 3 0
zrp/handler_doc_versions.go:40.82,42.16 2 0
zrp/handler_doc_versions.go:42.16,45.3 2 0
zrp/handler_doc_versions.go:46.2,48.18 3 0
zrp/handler_doc_versions.go:48.18,52.18 4 0
zrp/handler_doc_versions.go:52.18,54.4 1 0
zrp/handler_doc_versions.go:55.3,55.33 1 0
zrp/handler_doc_versions.go:57.2,57.21 1 0
zrp/handler_doc_versions.go:57.21,59.3 1 0
zrp/handler_doc_versions.go:60.2,60.23 1 0
zrp/handler_doc_versions.go:63.90,68.16 4 0
zrp/handler_doc_versions.go:68.16,71.3 2 0
zrp/handler_doc_versions.go:72.2,72.17 1 0
zrp/handler_doc_versions.go:72.17,74.3 1 0
zrp/handler_doc_versions.go:75.2,75.16 1 0
zrp/handler_doc_versions.go:78.74,81.34 3 0
zrp/handler_doc_versions.go:81.34,84.3 2 0
zrp/handler_doc_versions.go:86.2,88.16 3 0
zrp/handler_doc_versions.go:88.16,91.3 2 0
zrp/handler_doc_versions.go:92.2,93.16 2 0
zrp/handler_doc_versions.go:93.16,96.3 2 0
zrp/handler_doc_versions.go:99.2,110.4 5 0
zrp/handler_doc_versions.go:118.48,122.21 3 0
zrp/handler_doc_versions.go:122.21,124.3 1 0
zrp/handler_doc_versions.go:125.2,125.26 1 0
zrp/handler_doc_versions.go:125.26,126.27 1 0
zrp/handler_doc_versions.go:126.27,127.28 1 0
zrp/handler_doc_versions.go:127.28,129.5 1 0
zrp/handler_doc_versions.go:129.10,129.41 1 0
zrp/handler_doc_versions.go:129.41,131.5 1 0
zrp/handler_doc_versions.go:131.10,133.5 1 0
zrp/handler_doc_versions.go:138.2,141.21 4 0
zrp/handler_doc_versions.go:141.21,142.45 1 0
zrp/handler_doc_versions.go:142.45,146.4 3 0
zrp/handler_doc_versions.go:146.9,146.61 1 0
zrp/handler_doc_versions.go:146.61,149.4 2 0
zrp/handler_doc_versions.go:149.9,152.4 2 0
zrp/handler_doc_versions.go:154.2,154.39 1 0
zrp/handler_doc_versions.go:154.39,156.3 1 0
zrp/handler_doc_versions.go:157.2,157.15 1 0
zrp/handler_doc_versions.go:160.77,165.16 3 0
zrp/handler_doc_versions.go:165.16,168.3 2 0
zrp/handler_doc_versions.go:170.2,172.106 2 0
zrp/handler_doc_versions.go:172.106,175.3 2 0
zrp/handler_doc_versions.go:178.2,180.16 3 0
zrp/handler_doc_versions.go:180.16,183.3 2 0
zrp/handler_doc_versions.go:185.2,186.27 2 0
zrp/handler_doc_versions.go:189.86,194.16 4 0
zrp/handler_doc_versions.go:194.16,197.3 2 0
zrp/handler_doc_versions.go:199.2,201.109 2 0
zrp/handler_doc_versions.go:201.109,204.3 2 0
zrp/handler_doc_versions.go:206.2,209.16 3 0
zrp/handler_doc_versions.go:209.16,212.3 2 0
zrp/handler_doc_versions.go:214.2,215.27 2 0
zrp/handler_doc_versions.go:219.66,223.38 3 0
zrp/handler_doc_versions.go:223.38,225.3 1 0
zrp/handler_doc_versions.go:228.2,229.43 2 0
zrp/handler_doc_versions.go:229.43,231.3 1 0
zrp/handler_doc_versions.go:234.2,235.57 2 0
zrp/handler_doc_versions.go:235.57,237.140 2 0
zrp/handler_doc_versions.go:237.140,239.4 1 0
zrp/handler_doc_versions.go:243.2,243.27 1 0
zrp/handler_doc_versions.go:243.27,245.17 2 0
zrp/handler_doc_versions.go:245.17,246.12 1 0
zrp/handler_doc_versions.go:248.3,253.19 3 0
zrp/handler_doc_versions.go:253.19,257.4 3 0
zrp/handler_doc_versions.go:258.3,260.27 2 0
zrp/handler_doc_versions.go:260.27,268.4 6 0
zrp/handler_doc_versions.go:270.2,270.12 1 0
zrp/handler_docs.go:8.61,15.16 2 0
zrp/handler_docs.go:15.16,15.56 2 0
zrp/handler_docs.go:16.2,22.18 4 0
zrp/handler_docs.go:22.18,26.3 3 0
zrp/handler_docs.go:27.2,27.18 1 0
zrp/handler_docs.go:27.18,27.46 1 0
zrp/handler_docs.go:28.2,28.20 1 0
zrp/handler_docs.go:31.70,35.16 3 0
zrp/handler_docs.go:35.16,35.56 2 0
zrp/handler_docs.go:38.2,40.16 3 0
zrp/handler_docs.go:40.16,42.22 2 0
zrp/handler_docs.go:42.22,46.4 3 0
zrp/handler_docs.go:48.2,48.17 1 0
zrp/handler_docs.go:48.17,48.42 1 0
zrp/handler_docs.go:50.2,54.65 2 0
zrp/handler_docs.go:57.62,59.42 2 0
zrp/handler_docs.go:59.42,59.85 2 0
zrp/handler_docs.go:61.2,63.20 3 0
zrp/handler_docs.go:63.20,63.78 1 0
zrp/handler_docs.go:64.2,64.20 1 0
zrp/handler_docs.go:64.20,64.59 2 0
zrp/handler_docs.go:66.2,67.22 2 0
zrp/handler_docs.go:67.22,67.42 1 0
zrp/handler_docs.go:68.2,68.20 1 0
zrp/handler_docs.go:68.20,68.42 1 0
zrp/handler_docs.go:69.2,72.16 3 0
zrp/handler_docs.go:72.16,72.56 2 0
zrp/handler_docs.go:73.2,75.16 5 0
zrp/handler_docs.go:78.73,80.42 2 0
zrp/handler_docs.go:80.42,80.85 2 0
zrp/handler_docs.go:83.2,84.104 2 0
zrp/handler_docs.go:84.104,87.3 2 0
zrp/handler_docs.go:90.2,94.20 3 0
zrp/handler_docs.go:94.20,96.3 1 0
zrp/handler_docs.go:98.2,101.16 3 0
zrp/handler_docs.go:101.16,101.56 2 0
zrp/handler_docs.go:102.2,103.24 2 0
zrp/handler_docs.go:106.74,109.16 3 0
zrp/handler_docs.go:109.16,109.56 2 0
zrp/handler_docs.go:110.2,111.24 2 0
zrp/handler_eco.go:11.61,15.18 4 0
zrp/handler_eco.go:15.18,18.3 2 0
zrp/handler_eco.go:19.2,21.16 3 0
zrp/handler_eco.go:21.16,23.3 2 0
zrp/handler_eco.go:24.2,26.18 3 0
zrp/handler_eco.go:26.18,32.3 6 0
zrp/handler_eco.go:33.2,33.18 1 0
zrp/handler_eco.go:33.18,33.37 1 0
zrp/handler_eco.go:34.2,34.20 1 0
zrp/handler_eco.go:37.70,42.16 4 0
zrp/handler_eco.go:42.16,42.56 2 0
zrp/handler_eco.go:43.2,49.63 5 0
zrp/handler_eco.go:49.63,51.3 1 0
zrp/handler_eco.go:51.8,51.33 1 0
zrp/handler_eco.go:51.33,52.56 1 0
zrp/handler_eco.go:52.56,54.15 2 0
zrp/handler_eco.go:54.15,54.41 1 0
zrp/handler_eco.go:57.2,57.27 1 0
zrp/handler_eco.go:57.27,59.17 2 0
zrp/handler_eco.go:59.17,62.29 3 0
zrp/handler_eco.go:62.29,64.5 1 0
zrp/handler_eco.go:65.4,65.47 1 0
zrp/handler_eco.go:66.9,68.4 1 0
zrp/handler_eco.go:70.2,70.26 1 0
zrp/handler_eco.go:70.26,70.67 1 0
zrp/handler_eco.go:73.2,81.19 2 0
zrp/handler_eco.go:84.62,86.42 2 0
zrp/handler_eco.go:86.42,86.85 2 0
zrp/handler_eco.go:89.2,94.20 6 0
zrp/handler_eco.go:94.20,94.78 1 0
zrp/handler_eco.go:95.2,95.22 1 0
zrp/handler_eco.go:95.22,95.86 1 0
zrp/handler_eco.go:96.2,96.20 1 0
zrp/handler_eco.go:96.20,96.59 2 0
zrp/handler_eco.go:98.2,99.20 2 0
zrp/handler_eco.go:99.20,99.42 1 0
zrp/handler_eco.go:100.2,100.22 1 0
zrp/handler_eco.go:100.22,100.47 1 0
zrp/handler_eco.go:101.2,104.16 3 0
zrp/handler_eco.go:104.16,104.56 2 0
zrp/handler_eco.go:105.2,109.16 7 0
zrp/handler_eco.go:112.73,116.17 3 0
zrp/handler_eco.go:116.17,116.57 2 0
zrp/handler_eco.go:118.2,120.42 3 0
zrp/handler_eco.go:120.42,120.85 2 0
zrp/handler_eco.go:122.2,129.20 8 0
zrp/handler_eco.go:129.20,129.59 2 0
zrp/handler_eco.go:131.2,134.16 3 0
zrp/handler_eco.go:134.16,134.56 2 0
zrp/handler_eco.go:135.2,138.24 4 0
zrp/handler_eco.go:141.74,145.16 4 0
zrp/handler_eco.go:145.16,145.56 2 0
zrp/handler_eco.go:147.2,150.24 4 0
zrp/handler_eco.go:153.76,157.16 4 0
zrp/handler_eco.go:157.16,157.56 2 0
zrp/handler_eco.go:159.2,164.24 5 0
zrp/handler_eco.go:169.46,172.30 3 0
zrp/handler_eco.go:172.30,174.3 1 0
zrp/handler_eco.go:175.2,175.34 1 0
zrp/handler_eco.go:178.54,180.2 1 0
zrp/handler_eco.go:182.60,184.2 1 0
zrp/handler_eco.go:186.53,189.16 3 0
zrp/handler_eco.go:189.16,192.3 1 0
zrp/handler_eco.go:195.83,197.16 2 0
zrp/handler_eco.go:197.16,197.56 2 0
zrp/handler_eco.go:198.2,200.18 3 0
zrp/handler_eco.go:200.18,208.3 9 0
zrp/handler_eco.go:209.2,209.18 1 0
zrp/handler_eco.go:209.18,209.45 1 0
zrp/handler_eco.go:210.2,210.20 1 0
zrp/handler_eco.go:213.84,219.45 2 0
zrp/handler_eco.go:219.45,219.88 2 0
zrp/handler_eco.go:220.2,224.32 5 0
zrp/handler_eco.go:224.32,224.62 1 0
zrp/handler_eco.go:225.2,227.16 2 0
zrp/handler_eco.go:227.16,227.56 2 0
zrp/handler_eco.go:228.2,230.226 3 0
zrp/handler_eco.go:233.92,238.16 4 0
zrp/handler_eco.go:238.16,238.65 2 0
zrp/handler_eco.go:239.2,242.18 6 0
zrp/handler_email.go:54.67,58.16 3 0
zrp/handler_email.go:58.16,61.3 2 0
zrp/handler_email.go:62.2,62.26 1 0
zrp/handler_email.go:62.26,64.3 1 0
zrp/handler_email.go:65.2,65.16 1 0
zrp/handler_email.go:68.70,70.42 2 0
zrp/handler_email.go:70.42,73.3 2 0
zrp/handler_email.go:75.2,75.30 1 0
zrp/handler_email.go:75.30,79.3 3 0
zrp/handler_email.go:81.2,81.21 1 0
zrp/handler_email.go:81.21,83.3 1 0
zrp/handler_email.go:85.2,88.16 2 0
zrp/handler_email.go:88.16,91.3 2 0
zrp/handler_email.go:92.2,94.26 3 0
zrp/handler_email.go:94.26,96.3 1 0
zrp/handler_email.go:97.2,97.16 1 0
zrp/handler_email.go:100.62,105.45 2 0
zrp/handler_email.go:105.45,108.3 2 0
zrp/handler_email.go:110.2,110.19 1 0
zrp/handler_email.go:110.19,112.3 1 0
zrp/handler_email.go:113.2,113.19 1 0
zrp/handler_email.go:113.19,116.3 2 0
zrp/handler_email.go:118.2,120.163 2 0
zrp/handler_email.go:120.163,123.3 2 0
zrp/handler_email.go:124.2,124.65 1 0
zrp/handler_email.go:127.65,129.16 2 0
zrp/handler_email.go:129.16,132.3 2 0
zrp/handler_email.go:133.2,135.18 3 0
zrp/handler_email.go:135.18,139.3 3 0
zrp/handler_email.go:140.2,140.18 1 0
zrp/handler_email.go:140.18,142.3 1 0
zrp/handler_email.go:143.2,143.20 1 0
zrp/handler_email.go:146.45,150.16 3 0
zrp/handler_email.go:150.16,152.3 1 0
zrp/handler_email.go:153.2,153.40 1 0
zrp/handler_email.go:153.40,155.3 1 0
zrp/handler_email.go:156.2,156.16 1 0
zrp/handler_email.go:159.68,161.16 2 0
zrp/handler_email.go:161.16,163.3 1 0
zrp/handler_email.go:165.2,166.16 2 0
zrp/handler_email.go:166.16,168.3 1 0
zrp/handler_email.go:170.2,175.22 4 0
zrp/handler_email.go:175.22,177.3 1 0
zrp/handler_email.go:179.2,184.20 4 0
zrp/handler_email.go:184.20,187.3 2 0
zrp/handler_email.go:188.2,191.16 2 0
zrp/handler_email.go:194.48,196.2 1 0
zrp/handler_email.go:199.64,201.16 2 0
zrp/handler_email.go:201.16,203.3 1 0
zrp/handler_email.go:205.2,207.18 3 0
zrp/handler_email.go:207.18,209.3 1 0
zrp/handler_email.go:211.2,213.21 3 0
zrp/handler_email.go:213.21,215.3 1 0
zrp/handler_email.go:217.2,217.66 1 0
zrp/handler_email.go:217.66,220.3 2 0
zrp/handler_email.go:222.2,222.67 1 0
zrp/handler_email.go:226.36,228.16 2 0
zrp/handler_email.go:228.16,230.3 1 0
zrp/handler_email.go:231.2,233.18 2 0
zrp/handler_email.go:233.18,238.3 4 0
zrp/handler_email.go:241.32,245.2 3 0
zrp/handler_email.go:247.38,248.35 1 0
zrp/handler_email.go:248.35,250.3 1 0
zrp/handler_email.go:251.2,252.21 2 0
zrp/handler_email.go:252.21,254.3 1 0
zrp/handler_email.go:255.2,256.33 2 0
zrp/handler_email.go:256.33,258.3 1 0
zrp/handler_email.go:259.2,259.38 1 0
zrp/handler_email.go:264.74,268.37 3 0
zrp/handler_email.go:268.37,270.3 1 0
zrp/handler_email.go:271.2,272.16 2 0
zrp/handler_email.go:272.16,274.19 2 0
zrp/handler_email.go:274.19,279.4 4 0
zrp/handler_email.go:281.2,281.19 1 0
zrp/handler_email.go:284.77,287.45 3 0
zrp/handler_email.go:287.45,290.3 2 0
zrp/handler_email.go:291.2,291.39 1 0
zrp/handler_email.go:291.39,293.14 2 0
zrp/handler_email.go:293.14,295.4 1 0
zrp/handler_email.go:296.3,297.36 1 0
zrp/handler_email.go:299.2,300.35 2 0
zrp/handler_email.go:305.56,308.16 3 0
zrp/handler_email.go:308.16,310.3 1 0
zrp/handler_email.go:311.2,311.21 1 0
zrp/handler_email.go:315.74,316.62 1 0
zrp/handler_email.go:316.62,318.3 1 0
zrp/handler_email.go:319.2,319.57 1 0
zrp/handler_email.go:325.39,326.27 1 0
zrp/handler_email.go:326.27,328.3 1 0
zrp/handler_email.go:329.2,331.16 3 0
zrp/handler_email.go:331.16,333.3 1 0
zrp/handler_email.go:335.2,337.21 3 0
zrp/handler_email.go:337.21,340.17 2 0
zrp/handler_email.go:340.17,342.4 1 0
zrp/handler_email.go:343.3,343.28 1 0
zrp/handler_email.go:345.2,345.49 1 0
zrp/handler_email.go:345.49,347.3 1 0
zrp/handler_email.go:348.2,350.92 3 0
zrp/handler_email.go:350.92,352.3 1 0
zrp/handler_email.go:356.34,357.27 1 0
zrp/handler_email.go:357.27,359.3 1 0
zrp/handler_email.go:360.2,362.65 3 0
zrp/handler_email.go:362.65,364.3 1 0
zrp/handler_email.go:365.2,366.39 2 0
zrp/handler_email.go:366.39,368.3 1 0
zrp/handler_email.go:369.2,371.86 3 0
zrp/handler_email.go:371.86,373.3 1 0
zrp/handler_email.go:377.43,378.27 1 0
zrp/handler_email.go:378.27,380.3 1 0
zrp/handler_email.go:381.2,384.52 4 0
zrp/handler_email.go:384.52,386.3 1 0
zrp/handler_email.go:387.2,387.49 1 0
zrp/handler_email.go:387.49,389.3 1 0
zrp/handler_email.go:390.2,391.16 2 0
zrp/handler_email.go:391.16,393.3 1 0
zrp/handler_email.go:394.2,394.28 1 0
zrp/handler_email.go:394.28,396.3 1 0
zrp/handler_email.go:397.2,398.39 2 0
zrp/handler_email.go:398.39,400.3 1 0
zrp/handler_email.go:401.2,403.95 3 0
zrp/handler_email.go:403.95,405.3 1 0
zrp/handler_email.go:409.42,410.27 1 0
zrp/handler_email.go:410.27,412.3 1 0
zrp/handler_email.go:413.2,415.16 3 0
zrp/handler_email.go:415.16,417.3 1 0
zrp/handler_email.go:418.2,419.39 2 0
zrp/handler_email.go:419.39,421.3 1 0
zrp/handler_email.go:422.2,424.92 3 0
zrp/handler_email.go:424.92,426.3 1 0
zrp/handler_email.go:430.37,431.27 1 0
zrp/handler_email.go:431.27,433.3 1 0
zrp/handler_email.go:434.2,437.21 4 0
zrp/handler_email.go:437.21,439.3 1 0
zrp/handler_email.go:440.2,440.49 1 0
zrp/handler_email.go:440.49,442.40 2 0
zrp/handler_email.go:442.40,444.4 1 0
zrp/handler_email.go:445.3,446.17 2 0
zrp/handler_email.go:448.2,450.91 3 0
zrp/handler_email.go:450.91,452.3 1 0
zrp/handler_email.go:456.45,457.27 1 0
zrp/handler_email.go:457.27,459.3 1 0
zrp/handler_email.go:460.2,461.39 2 0
zrp/handler_email.go:461.39,463.3 1 0
zrp/handler_email.go:464.2,466.88 3 0
zrp/handler_email.go:466.88,468.3 1 0
zrp/handler_export.go:14.64,16.15 1 0
zrp/handler_export.go:16.16,18.3 0 0
zrp/handler_export.go:19.2,20.18 2 0
zrp/handler_export.go:20.18,22.3 1 0
zrp/handler_export.go:24.2,30.18 5 0
zrp/handler_export.go:30.18,34.3 3 0
zrp/handler_export.go:35.2,35.20 1 0
zrp/handler_export.go:35.20,38.3 2 0
zrp/handler_export.go:40.2,43.16 3 0
zrp/handler_export.go:43.16,46.3 2 0
zrp/handler_export.go:47.2,52.18 4 0
zrp/handler_export.go:52.18,56.3 3 0
zrp/handler_export.go:59.2,61.22 2 0
zrp/handler_export.go:61.22,63.3 1 0
zrp/handler_export.go:63.8,65.3 1 0
zrp/handler_export.go:69.68,71.18 2 0
zrp/handler_export.go:71.18,73.3 1 0
zrp/handler_export.go:75.2,78.24 3 0
zrp/handler_export.go:78.24,80.3 1 0
zrp/handler_export.go:81.2,84.16 3 0
zrp/handler_export.go:84.16,87.3 2 0
zrp/handler_export.go:88.2,93.18 4 0
zrp/handler_export.go:93.18,108.3 4 0
zrp/handler_export.go:111.2,113.22 2 0
zrp/handler_export.go:113.22,115.3 1 0
zrp/handler_export.go:115.8,117.3 1 0
zrp/handler_export.go:121.69,123.18 2 0
zrp/handler_export.go:123.18,125.3 1 0
zrp/handler_export.go:127.2,131.18 4 0
zrp/handler_export.go:131.18,134.3 2 0
zrp/handler_export.go:136.2,139.16 3 0
zrp/handler_export.go:139.16,142.3 2 0
zrp/handler_export.go:143.2,148.18 4 0
zrp/handler_export.go:148.18,165.3 4 0
zrp/handler_export.go:168.2,170.22 2 0
zrp/handler_export.go:170.22,172.3 1 0
zrp/handler_export.go:172.8,174.3 1 0
zrp/handler_export.go:178.63,180.18 2 0
zrp/handler_export.go:180.18,182.3 1 0
zrp/handler_export.go:184.2,188.18 4 0
zrp/handler_export.go:188.18,191.3 2 0
zrp/handler_export.go:193.2,196.16 3 0
zrp/handler_export.go:196.16,199.3 2 0
zrp/handler_export.go:200.2,205.18 4 0
zrp/handler_export.go:205.18,209.3 3 0
zrp/handler_export.go:212.2,214.22 2 0
zrp/handler_export.go:214.22,216.3 1 0
zrp/handler_export.go:216.8,218.3 1 0
zrp/handler_export.go:222.66,224.18 2 0
zrp/handler_export.go:224.18,226.3 1 0
zrp/handler_export.go:228.2,232.18 4 0
zrp/handler_export.go:232.18,235.3 2 0
zrp/handler_export.go:237.2,240.16 3 0
zrp/handler_export.go:240.16,243.3 2 0
zrp/handler_export.go:244.2,249.18 4 0
zrp/handler_export.go:249.18,254.3 4 0
zrp/handler_export.go:257.2,259.22 2 0
zrp/handler_export.go:259.22,261.3 1 0
zrp/handler_export.go:261.8,263.3 1 0
zrp/handler_export.go:267.91,275.46 5 0
zrp/handler_export.go:275.46,278.3 2 0
zrp/handler_export.go:281.2,281.27 1 0
zrp/handler_export.go:281.27,282.43 1 0
zrp/handler_export.go:282.43,285.4 2 0
zrp/handler_export.go:290.94,296.16 4 0
zrp/handler_export.go:296.16,299.3 2 0
zrp/handler_export.go:302.2,315.16 3 0
zrp/handler_export.go:315.16,318.3 2 0
zrp/handler_export.go:321.2,321.33 1 0
zrp/handler_export.go:321.33,325.3 3 0
zrp/handler_export.go:328.2,328.32 1 0
zrp/handler_export.go:328.32,329.34 1 0
zrp/handler_export.go:329.34,332.4 2 0
zrp/handler_export.go:336.2,336.25 1 0
zrp/handler_export.go:336.25,339.3 2 0
zrp/handler_export.go:342.2,342.27 1 0
zrp/handler_export.go:342.27,344.3 1 0
zrp/handler_export.go:347.2,350.35 3 0
zrp/handler_export.go:350.35,353.3 2 0
zrp/handler_field_reports.go:11.69,20.47 3 0
zrp/handler_field_reports.go:20.47,23.3 2 0
zrp/handler_field_reports.go:24.2,24.49 1 0
zrp/handler_field_reports.go:24.49,27.3 2 0
zrp/handler_field_reports.go:28.2,28.52 1 0
zrp/handler_field_reports.go:28.52,31.3 2 0
zrp/handler_field_reports.go:32.2,32.45 1 0
zrp/handler_field_reports.go:32.45,35.3 2 0
zrp/handler_field_reports.go:36.2,36.43 1 0
zrp/handler_field_reports.go:36.43,39.3 2 0
zrp/handler_field_reports.go:41.2,43.16 3 0
zrp/handler_field_reports.go:43.16,46.3 2 0
zrp/handler_field_reports.go:47.2,50.18 3 0
zrp/handler_field_reports.go:50.18,59.3 5 0
zrp/handler_field_reports.go:60.2,60.18 1 0
zrp/handler_field_reports.go:60.18,62.3 1 0
zrp/handler_field_reports.go:63.2,63.20 1 0
zrp/handler_field_reports.go:66.78,79.16 4 0
zrp/handler_field_reports.go:79.16,82.3 2 0
zrp/handler_field_reports.go:83.2,84.17 2 0
zrp/handler_field_reports.go:87.70,89.43 2 0
zrp/handler_field_reports.go:89.43,92.3 2 0
zrp/handler_field_reports.go:93.2,103.25 11 0
zrp/handler_field_reports.go:103.25,103.98 1 0
zrp/handler_field_reports.go:104.2,104.21 1 0
zrp/handler_field_reports.go:104.21,104.88 1 0
zrp/handler_field_reports.go:105.2,105.23 1 0
zrp/handler_field_reports.go:105.23,105.96 1 0
zrp/handler_field_reports.go:106.2,106.20 1 0
zrp/handler_field_reports.go:106.20,106.59 2 0
zrp/handler_field_reports.go:108.2,109.21 2 0
zrp/handler_field_reports.go:109.21,111.3 1 0
zrp/handler_field_reports.go:112.2,112.23 1 0
zrp/handler_field_reports.go:112.23,114.3 1 0
zrp/handler_field_reports.go:115.2,115.25 1 0
zrp/handler_field_reports.go:115.25,117.3 1 0
zrp/handler_field_reports.go:118.2,121.25 4 0
zrp/handler_field_reports.go:121.25,123.3 1 0
zrp/handler_field_reports.go:125.2,132.16 2 0
zrp/handler_field_reports.go:132.16,135.3 2 0
zrp/handler_field_reports.go:136.2,137.17 2 0
zrp/handler_field_reports.go:140.81,144.16 3 0
zrp/handler_field_reports.go:144.16,147.3 2 0
zrp/handler_field_reports.go:149.2,150.45 2 0
zrp/handler_field_reports.go:150.45,153.3 2 0
zrp/handler_field_reports.go:155.2,155.39 1 0
zrp/handler_field_reports.go:155.39,156.41 1 0
zrp/handler_field_reports.go:156.41,158.4 1 0
zrp/handler_field_reports.go:159.3,159.12 1 0
zrp/handler_field_reports.go:163.2,172.20 10 0
zrp/handler_field_reports.go:172.20,172.59 2 0
zrp/handler_field_reports.go:174.2,179.27 4 0
zrp/handler_field_reports.go:179.27,180.27 1 0
zrp/handler_field_reports.go:180.27,183.4 2 0
zrp/handler_field_reports.go:186.2,189.57 2 0
zrp/handler_field_reports.go:189.57,192.3 2 0
zrp/handler_field_reports.go:194.2,198.19 4 0
zrp/handler_field_reports.go:198.19,200.17 2 0
zrp/handler_field_reports.go:200.17,203.4 2 0
zrp/handler_field_reports.go:206.2,207.32 2 0
zrp/handler_field_reports.go:210.81,212.16 2 0
zrp/handler_field_reports.go:212.16,215.3 2 0
zrp/handler_field_reports.go:216.2,217.12 2 0
zrp/handler_field_reports.go:217.12,220.3 2 0
zrp/handler_field_reports.go:221.2,222.48 2 0
zrp/handler_field_reports.go:225.84,238.16 4 0
zrp/handler_field_reports.go:238.16,241.3 2 0
zrp/handler_field_reports.go:244.2,247.31 4 0
zrp/handler_field_reports.go:247.31,249.3 1 0
zrp/handler_field_reports.go:249.8,249.34 1 0
zrp/handler_field_reports.go:249.34,251.3 1 0
zrp/handler_field_reports.go:253.2,256.16 2 0
zrp/handler_field_reports.go:256.16,259.3 2 0
zrp/handler_field_reports.go:262.2,266.104 3 0
zrp/handler_firmware.go:10.66,12.16 2 0
zrp/handler_firmware.go:12.16,12.56 2 0
zrp/handler_firmware.go:13.2,15.18 3 0
zrp/handler_firmware.go:15.18,21.3 6 0
zrp/handler_firmware.go:22.2,22.18 1 0
zrp/handler_firmware.go:22.18,22.50 1 0
zrp/handler_firmware.go:23.2,23.20 1 0
zrp/handler_firmware.go:26.75,31.16 4 0
zrp/handler_firmware.go:31.16,31.56 2 0
zrp/handler_firmware.go:32.2,33.16 3 0
zrp/handler_firmware.go:36.67,38.42 2 0
zrp/handler_firmware.go:38.42,38.85 2 0
zrp/handler_firmware.go:40.2,43.20 4 0
zrp/handler_firmware.go:43.20,43.83 1 0
zrp/handler_firmware.go:44.2,44.20 1 0
zrp/handler_firmware.go:44.20,44.59 2 0
zrp/handler_firmware.go:46.2,47.20 2 0
zrp/handler_firmware.go:47.20,47.42 1 0
zrp/handler_firmware.go:48.2,48.22 1 0
zrp/handler_firmware.go:48.22,48.47 1 0
zrp/handler_firmware.go:49.2,52.16 3 0
zrp/handler_firmware.go:52.16,52.56 2 0
zrp/handler_firmware.go:53.2,55.16 3 0
zrp/handler_firmware.go:58.78,60.42 2 0
zrp/handler_firmware.go:60.42,60.85 2 0
zrp/handler_firmware.go:61.2,63.16 2 0
zrp/handler_firmware.go:63.16,63.56 2 0
zrp/handler_firmware.go:64.2,65.29 2 0
zrp/handler_firmware.go:68.78,72.16 3 0
zrp/handler_firmware.go:72.16,72.56 2 0
zrp/handler_firmware.go:75.2,76.18 2 0
zrp/handler_firmware.go:76.18,80.3 3 0
zrp/handler_firmware.go:81.2,85.35 3 0
zrp/handler_firmware.go:85.35,87.23 2 0
zrp/handler_firmware.go:87.23,89.4 1 0
zrp/handler_firmware.go:89.9,91.4 1 0
zrp/handler_firmware.go:94.2,96.79 3 0
zrp/handler_firmware.go:99.80,107.2 7 0
zrp/handler_firmware.go:109.78,114.9 5 0
zrp/handler_firmware.go:114.9,117.3 2 0
zrp/handler_firmware.go:118.2,118.6 1 0
zrp/handler_firmware.go:118.6,126.16 8 0
zrp/handler_firmware.go:126.16,128.4 1 0
zrp/handler_firmware.go:129.3,131.45 3 0
zrp/handler_firmware.go:131.45,132.9 1 0
zrp/handler_firmware.go:134.3,134.10 1 0
zrp/handler_firmware.go:135.29,136.10 1 0
zrp/handler_firmware.go:137.38,137.38 0 0
zrp/handler_firmware.go:142.98,146.102 2 0
zrp/handler_firmware.go:146.102,149.3 2 0
zrp/handler_firmware.go:150.2,152.16 3 0
zrp/handler_firmware.go:152.16,155.3 2 0
zrp/handler_firmware.go:156.2,157.12 2 0
zrp/handler_firmware.go:157.12,160.3 2 0
zrp/handler_firmware.go:161.2,162.48 2 0
zrp/handler_firmware.go:165.79,167.16 2 0
zrp/handler_firmware.go:167.16,170.3 2 0
zrp/handler_firmware.go:171.2,173.18 3 0
zrp/handler_firmware.go:173.18,179.3 5 0
zrp/handler_firmware.go:180.2,180.18 1 0
zrp/handler_firmware.go:180.18,182.3 1 0
zrp/handler_firmware.go:183.2,183.20 1 0
zrp/handler_general_settings.go:28.71,35.42 2 0
zrp/handler_general_settings.go:35.42,38.17 3 0
zrp/handler_general_settings.go:38.17,39.12 1 0
zrp/handler_general_settings.go:41.3,41.14 1 0
zrp/handler_general_settings.go:42.19,43.19 1 0
zrp/handler_general_settings.go:44.23,45.23 1 0
zrp/handler_general_settings.go:46.26,47.26 1 0
zrp/handler_general_settings.go:48.19,49.20 1 0
zrp/handler_general_settings.go:50.22,51.22 1 0
zrp/handler_general_settings.go:55.2,55.16 1 0
zrp/handler_general_settings.go:58.71,60.59 2 0
zrp/handler_general_settings.go:60.59,63.3 2 0
zrp/handler_general_settings.go:65.2,73.29 2 0
zrp/handler_general_settings.go:73.29,76.17 2 0
zrp/handler_general_settings.go:76.17,79.4 2 0
zrp/handler_general_settings.go:82.2,82.16 1 0
zrp/handler_git_docs.go:20.39,25.22 5 0
zrp/handler_git_docs.go:25.22,27.3 1 0
zrp/handler_git_docs.go:28.2,28.12 1 0
zrp/handler_git_docs.go:31.71,34.21 2 0
zrp/handler_git_docs.go:34.21,36.3 1 0
zrp/handler_git_docs.go:37.2,37.18 1 0
zrp/handler_git_docs.go:40.71,42.44 2 0
zrp/handler_git_docs.go:42.44,45.3 2 0
zrp/handler_git_docs.go:46.2,46.43 1 0
zrp/handler_git_docs.go:46.43,48.3 1 0
zrp/handler_git_docs.go:49.2,51.43 3 0
zrp/handler_git_docs.go:51.43,53.3 1 0
zrp/handler_git_docs.go:54.2,55.48 2 0
zrp/handler_git_docs.go:58.31,60.2 1 0
zrp/handler_git_docs.go:62.45,64.68 2 0
zrp/handler_git_docs.go:64.68,70.3 4 0
zrp/handler_git_docs.go:72.2,75.18 4 0
zrp/handler_git_docs.go:78.45,79.21 1 0
zrp/handler_git_docs.go:79.21,81.3 1 0
zrp/handler_git_docs.go:82.2,82.12 1 0
zrp/handler_git_docs.go:85.53,86.17 1 0
zrp/handler_git_docs.go:86.17,88.3 1 0
zrp/handler_git_docs.go:90.2,90.44 1 0
zrp/handler_git_docs.go:90.44,92.3 1 0
zrp/handler_git_docs.go:93.2,93.16 1 0
zrp/handler_git_docs.go:96.56,98.15 2 0
zrp/handler_git_docs.go:98.15,100.3 1 0
zrp/handler_git_docs.go:102.2,102.40 1 0
zrp/handler_git_docs.go:102.40,103.105 1 0
zrp/handler_git_docs.go:103.105,105.4 1 0
zrp/handler_git_docs.go:106.3,106.13 1 0
zrp/handler_git_docs.go:108.2,108.49 1 0
zrp/handler_git_docs.go:111.79,113.23 2 0
zrp/handler_git_docs.go:113.23,116.3 2 0
zrp/handler_git_docs.go:118.2,121.16 3 0
zrp/handler_git_docs.go:121.16,124.3 2 0
zrp/handler_git_docs.go:126.2,126.43 1 0
zrp/handler_git_docs.go:126.43,129.3 2 0
zrp/handler_git_docs.go:131.2,139.72 5 0
zrp/handler_git_docs.go:139.72,142.3 2 0
zrp/handler_git_docs.go:145.2,151.28 3 0
zrp/handler_git_docs.go:151.28,154.51 3 0
zrp/handler_git_docs.go:154.51,157.4 2 0
zrp/handler_git_docs.go:160.2,161.70 2 0
zrp/handler_git_docs.go:164.81,166.23 2 0
zrp/handler_git_docs.go:166.23,169.3 2 0
zrp/handler_git_docs.go:171.2,174.16 3 0
zrp/handler_git_docs.go:174.16,177.3 2 0
zrp/handler_git_docs.go:179.2,179.43 1 0
zrp/handler_git_docs.go:179.43,182.3 2 0
zrp/handler_git_docs.go:184.2,189.16 5 0
zrp/handler_git_docs.go:189.16,192.3 2 0
zrp/handler_git_docs.go:194.2,199.16 5 0
zrp/handler_git_docs.go:199.16,202.3 2 0
zrp/handler_git_docs.go:204.2,205.27 2 0
zrp/handler_git_docs.go:208.78,210.23 2 0
zrp/handler_git_docs.go:210.23,213.3 2 0
zrp/handler_git_docs.go:215.2,218.16 3 0
zrp/handler_git_docs.go:218.16,221.3 2 0
zrp/handler_git_docs.go:223.2,223.43 1 0
zrp/handler_git_docs.go:223.43,226.3 2 0
zrp/handler_git_docs.go:228.2,241.27 9 0
zrp/handler_git_docs.go:241.27,243.18 2 0
zrp/handler_git_docs.go:243.18,244.12 1 0
zrp/handler_git_docs.go:246.3,246.19 1 0
zrp/handler_git_docs.go:246.19,255.4 8 0
zrp/handler_git_docs.go:256.3,256.15 1 0
zrp/handler_git_docs.go:259.2,259.28 1 0
zrp/handler_git_docs.go:259.28,265.3 4 0
zrp/handler_git_docs.go:267.2,273.50 5 0
zrp/handler_git_docs.go:273.50,277.3 3 0
zrp/handler_git_docs.go:280.2,286.4 3 0
zrp/handler_gitplm.go:19.68,22.16 3 0
zrp/handler_gitplm.go:22.16,25.3 2 0
zrp/handler_gitplm.go:26.2,26.45 1 0
zrp/handler_gitplm.go:29.71,31.44 2 0
zrp/handler_gitplm.go:31.44,34.3 2 0
zrp/handler_gitplm.go:37.2,41.16 3 0
zrp/handler_gitplm.go:41.16,44.3 2 0
zrp/handler_gitplm.go:45.2,45.18 1 0
zrp/handler_gitplm.go:48.77,51.33 3 0
zrp/handler_gitplm.go:51.33,54.3 2 0
zrp/handler_gitplm.go:55.2,56.60 2 0
zrp/handler_inventory.go:9.66,12.24 3 0
zrp/handler_inventory.go:12.24,14.3 1 0
zrp/handler_inventory.go:15.2,17.16 3 0
zrp/handler_inventory.go:17.16,17.56 2 0
zrp/handler_inventory.go:18.2,20.18 3 0
zrp/handler_inventory.go:20.18,24.3 3 0
zrp/handler_inventory.go:25.2,25.18 1 0
zrp/handler_inventory.go:25.18,25.47 1 0
zrp/handler_inventory.go:26.2,26.20 1 0
zrp/handler_inventory.go:29.77,33.16 3 0
zrp/handler_inventory.go:33.16,33.56 2 0
zrp/handler_inventory.go:34.2,34.16 1 0
zrp/handler_inventory.go:37.70,39.42 2 0
zrp/handler_inventory.go:39.42,39.85 2 0
zrp/handler_inventory.go:41.2,45.38 5 0
zrp/handler_inventory.go:45.38,45.75 1 0
zrp/handler_inventory.go:46.2,46.20 1 0
zrp/handler_inventory.go:46.20,46.59 2 0
zrp/handler_inventory.go:48.2,53.17 4 0
zrp/handler_inventory.go:53.17,54.28 1 0
zrp/handler_inventory.go:54.28,56.43 2 0
zrp/handler_inventory.go:56.43,58.5 1 0
zrp/handler_inventory.go:59.4,59.19 1 0
zrp/handler_inventory.go:59.19,61.5 1 0
zrp/handler_inventory.go:66.2,67.16 2 0
zrp/handler_inventory.go:67.16,67.56 2 0
zrp/handler_inventory.go:68.2,72.16 3 0
zrp/handler_inventory.go:72.16,72.56 2 0
zrp/handler_inventory.go:75.2,77.16 2 0
zrp/handler_inventory.go:77.16,77.56 2 0
zrp/handler_inventory.go:80.2,80.16 1 0
zrp/handler_inventory.go:81.27,82.113 1 0
zrp/handler_inventory.go:83.15,84.113 1 0
zrp/handler_inventory.go:85.16,86.101 1 0
zrp/handler_inventory.go:88.2,88.16 1 0
zrp/handler_inventory.go:88.16,88.56 2 0
zrp/handler_inventory.go:91.2,91.35 1 0
zrp/handler_inventory.go:91.35,91.75 2 0
zrp/handler_inventory.go:93.2,97.12 4 0
zrp/handler_inventory.go:97.12,98.36 1 0
zrp/handler_inventory.go:98.36,100.4 1 0
zrp/handler_inventory.go:102.3,103.122 2 0
zrp/handler_inventory.go:103.122,105.4 1 0
zrp/handler_inventory.go:107.3,108.198 2 0
zrp/handler_inventory.go:108.198,110.4 1 0
zrp/handler_inventory.go:112.3,112.16 1 0
zrp/handler_inventory.go:112.16,114.4 1 0
zrp/handler_inventory.go:116.2,116.48 1 0
zrp/handler_inventory.go:119.81,121.16 2 0
zrp/handler_inventory.go:121.16,121.56 2 0
zrp/handler_inventory.go:122.2,124.18 3 0
zrp/handler_inventory.go:124.18,128.3 3 0
zrp/handler_inventory.go:129.2,129.18 1 0
zrp/handler_inventory.go:129.18,129.54 1 0
zrp/handler_inventory.go:130.2,130.20 1 0
zrp/handler_inventory.go:133.72,137.45 2 0
zrp/handler_inventory.go:137.45,140.3 2 0
zrp/handler_inventory.go:141.2,141.25 1 0
zrp/handler_inventory.go:141.25,144.3 2 0
zrp/handler_inventory.go:145.2,146.32 2 0
zrp/handler_inventory.go:146.32,148.17 2 0
zrp/handler_inventory.go:148.17,149.12 1 0
zrp/handler_inventory.go:151.3,152.20 2 0
zrp/handler_inventory.go:154.2,154.49 1 0
zrp/handler_invoices.go:15.65,26.18 8 0
zrp/handler_invoices.go:26.18,29.3 2 0
zrp/handler_invoices.go:30.2,30.20 1 0
zrp/handler_invoices.go:30.20,33.3 2 0
zrp/handler_invoices.go:34.2,34.20 1 0
zrp/handler_invoices.go:34.20,37.3 2 0
zrp/handler_invoices.go:38.2,38.18 1 0
zrp/handler_invoices.go:38.18,41.3 2 0
zrp/handler_invoices.go:43.2,43.25 1 0
zrp/handler_invoices.go:43.25,45.3 1 0
zrp/handler_invoices.go:46.2,49.16 3 0
zrp/handler_invoices.go:49.16,52.3 2 0
zrp/handler_invoices.go:53.2,56.18 3 0
zrp/handler_invoices.go:56.18,62.17 4 0
zrp/handler_invoices.go:62.17,65.4 2 0
zrp/handler_invoices.go:66.3,66.19 1 0
zrp/handler_invoices.go:66.19,68.4 1 0
zrp/handler_invoices.go:69.3,69.35 1 0
zrp/handler_invoices.go:72.2,72.21 1 0
zrp/handler_invoices.go:72.21,74.3 1 0
zrp/handler_invoices.go:75.2,75.23 1 0
zrp/handler_invoices.go:78.74,87.16 4 0
zrp/handler_invoices.go:87.16,88.27 1 0
zrp/handler_invoices.go:88.27,90.4 1 0
zrp/handler_invoices.go:90.9,92.4 1 0
zrp/handler_invoices.go:93.3,93.9 1 0
zrp/handler_invoices.go:96.2,96.18 1 0
zrp/handler_invoices.go:96.18,98.3 1 0
zrp/handler_invoices.go:101.2,103.18 2 0
zrp/handler_invoices.go:106.54,109.16 2 0
zrp/handler_invoices.go:109.16,111.3 1 0
zrp/handler_invoices.go:112.2,115.18 3 0
zrp/handler_invoices.go:115.18,120.3 3 0
zrp/handler_invoices.go:122.2,122.18 1 0
zrp/handler_invoices.go:122.18,124.3 1 0
zrp/handler_invoices.go:125.2,125.14 1 0
zrp/handler_invoices.go:128.66,130.44 2 0
zrp/handler_invoices.go:130.44,133.3 2 0
zrp/handler_invoices.go:136.2,136.50 1 0
zrp/handler_invoices.go:136.50,139.3 2 0
zrp/handler_invoices.go:142.2,146.22 3 0
zrp/handler_invoices.go:146.22,148.3 1 0
zrp/handler_invoices.go:149.2,149.25 1 0
zrp/handler_invoices.go:149.25,151.3 1 0
zrp/handler_invoices.go:152.2,152.23 1 0
zrp/handler_invoices.go:152.23,154.3 1 0
zrp/handler_invoices.go:157.2,157.24 1 0
zrp/handler_invoices.go:157.24,159.28 2 0
zrp/handler_invoices.go:159.28,162.4 2 0
zrp/handler_invoices.go:163.3,164.33 2 0
zrp/handler_invoices.go:168.2,173.16 2 0
zrp/handler_invoices.go:173.16,176.3 2 0
zrp/handler_invoices.go:179.2,179.33 1 0
zrp/handler_invoices.go:179.33,183.17 2 0
zrp/handler_invoices.go:183.17,186.4 2 0
zrp/handler_invoices.go:190.2,195.18 5 0
zrp/handler_invoices.go:198.77,200.44 2 0
zrp/handler_invoices.go:200.44,203.3 2 0
zrp/handler_invoices.go:206.2,208.16 3 0
zrp/handler_invoices.go:208.16,209.27 1 0
zrp/handler_invoices.go:209.27,211.4 1 0
zrp/handler_invoices.go:211.9,213.4 1 0
zrp/handler_invoices.go:214.3,214.9 1 0
zrp/handler_invoices.go:217.2,217.61 1 0
zrp/handler_invoices.go:217.61,220.3 2 0
zrp/handler_invoices.go:223.2,223.24 1 0
zrp/handler_invoices.go:223.24,225.28 2 0
zrp/handler_invoices.go:225.28,228.4 2 0
zrp/handler_invoices.go:229.3,230.33 2 0
zrp/handler_invoices.go:234.2,237.16 2 0
zrp/handler_invoices.go:237.16,240.3 2 0
zrp/handler_invoices.go:243.2,244.16 2 0
zrp/handler_invoices.go:244.16,247.3 2 0
zrp/handler_invoices.go:249.2,249.33 1 0
zrp/handler_invoices.go:249.33,253.17 2 0
zrp/handler_invoices.go:253.17,256.4 2 0
zrp/handler_invoices.go:259.2,263.28 3 0
zrp/handler_invoices.go:266.101,273.16 3 0
zrp/handler_invoices.go:273.16,274.27 1 0
zrp/handler_invoices.go:274.27,276.4 1 0
zrp/handler_invoices.go:276.9,278.4 1 0
zrp/handler_invoices.go:279.3,279.9 1 0
zrp/handler_invoices.go:282.2,282.31 1 0
zrp/handler_invoices.go:282.31,285.3 2 0
zrp/handler_invoices.go:288.2,290.16 3 0
zrp/handler_invoices.go:290.16,293.3 2 0
zrp/handler_invoices.go:293.8,293.33 1 0
zrp/handler_invoices.go:293.33,296.3 2 0
zrp/handler_invoices.go:299.2,315.31 4 0
zrp/handler_invoices.go:315.31,326.3 3 0
zrp/handler_invoices.go:328.2,337.16 4 0
zrp/handler_invoices.go:337.16,340.3 2 0
zrp/handler_invoices.go:343.2,343.33 1 0
zrp/handler_invoices.go:343.33,347.17 2 0
zrp/handler_invoices.go:347.17,350.4 2 0
zrp/handler_invoices.go:354.2,355.16 2 0
zrp/handler_invoices.go:355.16,358.3 2 0
zrp/handler_invoices.go:360.2,362.18 3 0
zrp/handler_invoices.go:365.75,370.16 3 0
zrp/handler_invoices.go:370.16,371.27 1 0
zrp/handler_invoices.go:371.27,373.4 1 0
zrp/handler_invoices.go:373.9,375.4 1 0
zrp/handler_invoices.go:376.3,376.9 1 0
zrp/handler_invoices.go:379.2,379.27 1 0
zrp/handler_invoices.go:379.27,382.3 2 0
zrp/handler_invoices.go:385.2,386.16 2 0
zrp/handler_invoices.go:386.16,389.3 2 0
zrp/handler_invoices.go:394.2,396.90 3 0
zrp/handler_invoices.go:399.79,404.16 3 0
zrp/handler_invoices.go:404.16,405.27 1 0
zrp/handler_invoices.go:405.27,407.4 1 0
zrp/handler_invoices.go:407.9,409.4 1 0
zrp/handler_invoices.go:410.3,410.9 1 0
zrp/handler_invoices.go:413.2,413.31 1 0
zrp/handler_invoices.go:413.31,416.3 2 0
zrp/handler_invoices.go:419.2,421.16 3 0
zrp/handler_invoices.go:421.16,424.3 2 0
zrp/handler_invoices.go:426.2,428.87 3 0
zrp/handler_invoices.go:431.82,441.16 4 0
zrp/handler_invoices.go:441.16,442.27 1 0
zrp/handler_invoices.go:442.27,444.4 1 0
zrp/handler_invoices.go:444.9,446.4 1 0
zrp/handler_invoices.go:447.3,447.9 1 0
zrp/handler_invoices.go:450.2,450.18 1 0
zrp/handler_invoices.go:450.18,452.3 1 0
zrp/handler_invoices.go:453.2,465.111 8 0
zrp/handler_invoices.go:468.37,477.18 5 0
zrp/handler_invoices.go:477.18,479.3 1 0
zrp/handler_invoices.go:481.2,481.46 1 0
zrp/handler_invoices.go:485.30,489.16 3 0
zrp/handler_invoices.go:489.16,491.3 1 0
zrp/handler_invoices.go:495.52,554.33 3 0
zrp/handler_invoices.go:554.33,559.3 2 0
zrp/handler_invoices.go:561.2,571.26 2 0
zrp/handler_invoices.go:571.26,577.3 1 0
zrp/handler_invoices.go:579.2,600.24 2 0
zrp/handler_ncr.go:10.61,12.16 2 0
zrp/handler_ncr.go:12.16,12.56 2 0
zrp/handler_ncr.go:13.2,15.18 3 0
zrp/handler_ncr.go:15.18,21.3 5 0
zrp/handler_ncr.go:22.2,22.18 1 0
zrp/handler_ncr.go:22.18,22.37 1 0
zrp/handler_ncr.go:23.2,23.20 1 0
zrp/handler_ncr.go:26.70,31.16 4 0
zrp/handler_ncr.go:31.16,31.56 2 0
zrp/handler_ncr.go:32.2,33.16 2 0
zrp/handler_ncr.go:36.62,38.42 2 0
zrp/handler_ncr.go:38.42,38.85 2 0
zrp/handler_ncr.go:40.2,49.22 10 0
zrp/handler_ncr.go:49.22,49.86 1 0
zrp/handler_ncr.go:50.2,50.20 1 0
zrp/handler_ncr.go:50.20,50.78 1 0
zrp/handler_ncr.go:51.2,51.20 1 0
zrp/handler_ncr.go:51.20,51.59 2 0
zrp/handler_ncr.go:53.2,54.20 2 0
zrp/handler_ncr.go:54.20,54.41 1 0
zrp/handler_ncr.go:55.2,55.22 1 0
zrp/handler_ncr.go:55.22,55.46 1 0
zrp/handler_ncr.go:56.2,62.16 4 0
zrp/handler_ncr.go:62.16,62.56 2 0
zrp/handler_ncr.go:63.2,67.16 5 0
zrp/handler_ncr.go:70.73,73.45 3 0
zrp/handler_ncr.go:73.45,73.88 2 0
zrp/handler_ncr.go:76.2,76.39 1 0
zrp/handler_ncr.go:76.39,77.41 1 0
zrp/handler_ncr.go:77.41,77.72 1 0
zrp/handler_ncr.go:78.3,78.12 1 0
zrp/handler_ncr.go:80.2,80.35 1 0
zrp/handler_ncr.go:80.35,81.29 1 0
zrp/handler_ncr.go:81.29,82.29 1 0
zrp/handler_ncr.go:82.29,82.41 1 0
zrp/handler_ncr.go:84.3,84.15 1 0
zrp/handler_ncr.go:87.2,106.20 19 0
zrp/handler_ncr.go:106.20,106.59 2 0
zrp/handler_ncr.go:108.2,110.48 3 0
zrp/handler_ncr.go:110.48,112.3 1 0
zrp/handler_ncr.go:113.2,115.16 2 0
zrp/handler_ncr.go:115.16,115.56 2 0
zrp/handler_ncr.go:116.2,122.89 5 0
zrp/handler_ncr.go:122.89,126.16 4 0
zrp/handler_ncr.go:126.16,126.38 1 0
zrp/handler_ncr.go:127.3,129.17 2 0
zrp/handler_ncr.go:129.17,132.4 2 0
zrp/handler_ncr.go:136.2,140.16 4 0
zrp/handler_ncr.go:140.16,140.56 2 0
zrp/handler_ncr.go:141.2,143.23 2 0
zrp/handler_ncr.go:143.23,152.3 2 0
zrp/handler_ncr.go:152.8,154.3 1 0
zrp/handler_ncr_integration.go:11.84,19.16 3 0
zrp/handler_ncr_integration.go:19.16,22.3 2 0
zrp/handler_ncr_integration.go:25.2,34.25 2 0
zrp/handler_ncr_integration.go:34.25,35.53 1 0
zrp/handler_ncr_integration.go:35.53,38.4 2 0
zrp/handler_ncr_integration.go:42.2,47.17 4 0
zrp/handler_ncr_integration.go:47.17,49.3 1 0
zrp/handler_ncr_integration.go:52.2,53.20 2 0
zrp/handler_ncr_integration.go:53.20,55.3 1 0
zrp/handler_ncr_integration.go:58.2,59.44 2 0
zrp/handler_ncr_integration.go:59.44,61.3 1 0
zrp/handler_ncr_integration.go:64.2,65.52 2 0
zrp/handler_ncr_integration.go:65.52,67.3 1 0
zrp/handler_ncr_integration.go:69.2,73.16 2 0
zrp/handler_ncr_integration.go:73.16,76.3 2 0
zrp/handler_ncr_integration.go:79.2,97.22 5 0
zrp/handler_ncr_integration.go:102.83,110.16 3 0
zrp/handler_ncr_integration.go:110.16,113.3 2 0
zrp/handler_ncr_integration.go:116.2,123.25 2 0
zrp/handler_ncr_integration.go:123.25,124.53 1 0
zrp/handler_ncr_integration.go:124.53,127.4 2 0
zrp/handler_ncr_integration.go:131.2,137.17 5 0
zrp/handler_ncr_integration.go:137.17,139.3 1 0
zrp/handler_ncr_integration.go:142.2,143.53 2 0
zrp/handler_ncr_integration.go:143.53,145.3 1 0
zrp/handler_ncr_integration.go:145.8,145.55 1 0
zrp/handler_ncr_integration.go:145.55,147.3 1 0
zrp/handler_ncr_integration.go:150.2,151.20 2 0
zrp/handler_ncr_integration.go:151.20,152.23 1 0
zrp/handler_ncr_integration.go:153.19,154.25 1 0
zrp/handler_ncr_integration.go:155.16,156.21 1 0
zrp/handler_ncr_integration.go:157.11,158.23 1 0
zrp/handler_ncr_integration.go:163.2,164.41 2 0
zrp/handler_ncr_integration.go:164.41,166.3 1 0
zrp/handler_ncr_integration.go:168.2,171.16 2 0
zrp/handler_ncr_integration.go:171.16,174.3 2 0
zrp/handler_ncr_integration.go:177.2,206.21 5 0
zrp/handler_notification_prefs.go:42.37,42.50 1 1
zrp/handler_notification_prefs.go:44.35,56.16 2 0
zrp/handler_notification_prefs.go:56.16,58.3 1 0
zrp/handler_notification_prefs.go:62.43,63.39 1 0
zrp/handler_notification_prefs.go:63.39,66.17 3 0
zrp/handler_notification_prefs.go:66.17,69.4 1 0
zrp/handler_notification_prefs.go:73.79,75.24 2 0
zrp/handler_notification_prefs.go:75.24,78.3 2 0
zrp/handler_notification_prefs.go:79.2,82.20 3 0
zrp/handler_notification_prefs.go:85.71,87.16 2 0
zrp/handler_notification_prefs.go:87.16,89.3 1 0
zrp/handler_notification_prefs.go:90.2,93.18 3 0
zrp/handler_notification_prefs.go:93.18,96.110 3 0
zrp/handler_notification_prefs.go:96.110,97.12 1 0
zrp/handler_notification_prefs.go:99.3,100.27 2 0
zrp/handler_notification_prefs.go:102.2,102.18 1 0
zrp/handler_notification_prefs.go:102.18,104.3 1 0
zrp/handler_notification_prefs.go:105.2,105.14 1 0
zrp/handler_notification_prefs.go:108.82,110.24 2 0
zrp/handler_notification_prefs.go:110.24,113.3 2 0
zrp/handler_notification_prefs.go:114.2,117.63 3 0
zrp/handler_notification_prefs.go:117.63,120.3 2 0
zrp/handler_notification_prefs.go:122.2,122.26 1 0
zrp/handler_notification_prefs.go:122.26,123.39 1 0
zrp/handler_notification_prefs.go:123.39,124.12 1 0
zrp/handler_notification_prefs.go:126.3,126.47 1 0
zrp/handler_notification_prefs.go:126.47,128.4 1 0
zrp/handler_notification_prefs.go:129.3,130.16 2 0
zrp/handler_notification_prefs.go:130.16,132.4 1 0
zrp/handler_notification_prefs.go:133.3,135.64 1 0
zrp/handler_notification_prefs.go:138.2,140.40 3 0
zrp/handler_notification_prefs.go:143.105,145.24 2 0
zrp/handler_notification_prefs.go:145.24,148.3 2 0
zrp/handler_notification_prefs.go:150.2,150.41 1 0
zrp/handler_notification_prefs.go:150.41,153.3 2 0
zrp/handler_notification_prefs.go:155.2,158.59 3 0
zrp/handler_notification_prefs.go:158.59,161.3 2 0
zrp/handler_notification_prefs.go:163.2,163.46 1 0
zrp/handler_notification_prefs.go:163.46,165.3 1 0
zrp/handler_notification_prefs.go:166.2,167.15 2 0
zrp/handler_notification_prefs.go:167.15,169.3 1 0
zrp/handler_notification_prefs.go:170.2,173.16 2 0
zrp/handler_notification_prefs.go:173.16,176.3 2 0
zrp/handler_notification_prefs.go:178.2,178.40 1 0
zrp/handler_notification_prefs.go:181.74,183.2 1 0
zrp/handler_notification_prefs.go:185.45,186.39 1 0
zrp/handler_notification_prefs.go:186.39,187.19 1 0
zrp/handler_notification_prefs.go:187.19,189.4 1 0
zrp/handler_notification_prefs.go:191.2,191.14 1 0
zrp/handler_notification_prefs.go:194.43,196.2 1 0
zrp/handler_notification_prefs.go:199.111,203.16 3 0
zrp/handler_notification_prefs.go:203.16,205.3 1 0
zrp/handler_notification_prefs.go:206.2,206.42 1 0
zrp/handler_notification_prefs.go:210.38,214.16 3 0
zrp/handler_notification_prefs.go:214.16,218.3 3 0
zrp/handler_notification_prefs.go:219.2,222.18 3 0
zrp/handler_notification_prefs.go:222.18,226.3 3 0
zrp/handler_notification_prefs.go:228.2,228.23 1 0
zrp/handler_notification_prefs.go:228.23,231.3 2 0
zrp/handler_notification_prefs.go:233.2,233.30 1 0
zrp/handler_notification_prefs.go:233.30,236.3 2 0
zrp/handler_notification_prefs.go:239.47,244.13 3 0
zrp/handler_notification_prefs.go:244.13,246.17 2 0
zrp/handler_notification_prefs.go:246.17,247.20 1 0
zrp/handler_notification_prefs.go:247.20,251.46 4 0
zrp/handler_notification_prefs.go:251.46,252.14 1 0
zrp/handler_notification_prefs.go:254.5,264.33 2 0
zrp/handler_notification_prefs.go:266.4,266.16 1 0
zrp/handler_notification_prefs.go:271.2,272.13 2 0
zrp/handler_notification_prefs.go:272.13,274.23 2 0
zrp/handler_notification_prefs.go:274.23,276.4 1 0
zrp/handler_notification_prefs.go:277.3,279.17 3 0
zrp/handler_notification_prefs.go:279.17,280.20 1 0
zrp/handler_notification_prefs.go:280.20,294.5 4 0
zrp/handler_notification_prefs.go:295.4,295.16 1 0
zrp/handler_notification_prefs.go:300.2,301.13 2 0
zrp/handler_notification_prefs.go:301.13,303.17 2 0
zrp/handler_notification_prefs.go:303.17,304.20 1 0
zrp/handler_notification_prefs.go:304.20,319.5 5 0
zrp/handler_notification_prefs.go:320.4,320.16 1 0
zrp/handler_notification_prefs.go:324.2,324.28 1 0
zrp/handler_notification_prefs.go:324.28,326.64 2 0
zrp/handler_notification_prefs.go:326.64,327.28 1 0
zrp/handler_notification_prefs.go:327.28,329.25 2 0
zrp/handler_notification_prefs.go:329.25,331.6 1 0
zrp/handler_notification_prefs.go:332.5,332.46 1 0
zrp/handler_notifications.go:22.70,25.22 3 0
zrp/handler_notifications.go:25.22,27.3 1 0
zrp/handler_notifications.go:28.2,31.16 3 0
zrp/handler_notifications.go:31.16,34.3 2 0
zrp/handler_notifications.go:35.2,38.18 3 0
zrp/handler_notifications.go:38.18,40.135 2 0
zrp/handler_notifications.go:40.135,41.12 1 0
zrp/handler_notifications.go:43.3,43.29 1 0
zrp/handler_notifications.go:45.2,45.19 1 0
zrp/handler_notifications.go:45.19,47.3 1 0
zrp/handler_notifications.go:48.2,48.21 1 0
zrp/handler_notifications.go:51.84,53.16 2 0
zrp/handler_notifications.go:53.16,56.3 2 0
zrp/handler_notifications.go:57.2,57.64 1 0
zrp/handler_notifications.go:67.30,72.9 3 0
zrp/handler_notifications.go:72.9,74.17 2 0
zrp/handler_notifications.go:74.17,74.27 1 0
zrp/handler_notifications.go:75.3,76.19 2 0
zrp/handler_notifications.go:76.19,81.4 4 0
zrp/handler_notifications.go:85.2,85.9 1 0
zrp/handler_notifications.go:85.9,87.17 2 0
zrp/handler_notifications.go:87.17,87.27 1 0
zrp/handler_notifications.go:88.3,89.19 2 0
zrp/handler_notifications.go:89.19,94.4 3 0
zrp/handler_notifications.go:98.2,98.9 1 0
zrp/handler_notifications.go:98.9,100.17 2 0
zrp/handler_notifications.go:100.17,100.27 1 0
zrp/handler_notifications.go:101.3,102.19 2 0
zrp/handler_notifications.go:102.19,108.4 4 0
zrp/handler_notifications.go:112.2,112.9 1 0
zrp/handler_notifications.go:112.9,114.17 2 0
zrp/handler_notifications.go:114.17,114.27 1 0
zrp/handler_notifications.go:115.3,116.19 2 0
zrp/handler_notifications.go:116.19,120.19 5 0
zrp/handler_notifications.go:120.19,120.45 1 0
zrp/handler_notifications.go:121.4,122.71 1 0
zrp/handler_notifications.go:127.2,127.28 1 0
zrp/handler_notifications.go:127.28,129.3 1 0
zrp/handler_notifications.go:130.2,130.72 1 0
zrp/handler_notifications.go:133.96,136.21 2 0
zrp/handler_notifications.go:136.21,139.3 1 0
zrp/handler_notifications.go:139.8,142.3 1 0
zrp/handler_notifications.go:143.2,143.15 1 0
zrp/handler_notifications.go:143.15,145.3 1 0
zrp/handler_notifications.go:146.2,148.16 2 0
zrp/handler_notifications.go:148.16,150.3 1 0
zrp/handler_notifications.go:153.34,153.47 1 1
zrp/handler_part_changes.go:28.82,36.45 2 0
zrp/handler_part_changes.go:36.45,39.3 2 0
zrp/handler_part_changes.go:40.2,40.28 1 0
zrp/handler_part_changes.go:40.28,43.3 2 0
zrp/handler_part_changes.go:46.2,47.16 2 0
zrp/handler_part_changes.go:47.16,50.3 2 0
zrp/handler_part_changes.go:52.2,56.33 4 0
zrp/handler_part_changes.go:56.33,57.24 1 0
zrp/handler_part_changes.go:57.24,58.12 1 0
zrp/handler_part_changes.go:60.3,64.17 2 0
zrp/handler_part_changes.go:64.17,67.4 2 0
zrp/handler_part_changes.go:68.3,73.5 2 0
zrp/handler_part_changes.go:76.2,77.22 2 0
zrp/handler_part_changes.go:80.80,84.18 4 0
zrp/handler_part_changes.go:84.18,87.3 2 0
zrp/handler_part_changes.go:88.2,91.16 3 0
zrp/handler_part_changes.go:91.16,94.3 2 0
zrp/handler_part_changes.go:95.2,98.18 3 0
zrp/handler_part_changes.go:98.18,102.3 3 0
zrp/handler_part_changes.go:103.2,103.18 1 0
zrp/handler_part_changes.go:103.18,105.3 1 0
zrp/handler_part_changes.go:106.2,106.20 1 0
zrp/handler_part_changes.go:109.98,111.16 2 0
zrp/handler_part_changes.go:111.16,114.3 2 0
zrp/handler_part_changes.go:117.2,119.16 3 0
zrp/handler_part_changes.go:119.16,122.3 2 0
zrp/handler_part_changes.go:123.2,123.23 1 0
zrp/handler_part_changes.go:123.23,126.3 2 0
zrp/handler_part_changes.go:128.2,130.53 3 0
zrp/handler_part_changes.go:133.85,139.45 2 0
zrp/handler_part_changes.go:139.45,142.3 2 0
zrp/handler_part_changes.go:145.2,146.16 2 0
zrp/handler_part_changes.go:146.16,149.3 2 0
zrp/handler_part_changes.go:150.2,154.18 4 0
zrp/handler_part_changes.go:154.18,160.3 5 0
zrp/handler_part_changes.go:162.2,162.25 1 0
zrp/handler_part_changes.go:162.25,165.3 2 0
zrp/handler_part_changes.go:167.2,170.22 3 0
zrp/handler_part_changes.go:170.22,172.3 1 0
zrp/handler_part_changes.go:173.2,173.25 1 0
zrp/handler_part_changes.go:173.25,175.3 1 0
zrp/handler_part_changes.go:176.2,176.28 1 0
zrp/handler_part_changes.go:176.28,178.3 1 0
zrp/handler_part_changes.go:180.2,185.16 4 0
zrp/handler_part_changes.go:185.16,188.3 2 0
zrp/handler_part_changes.go:189.2,192.32 2 0
zrp/handler_part_changes.go:192.32,194.3 1 0
zrp/handler_part_changes.go:196.2,200.4 2 0
zrp/handler_part_changes.go:204.85,206.16 2 0
zrp/handler_part_changes.go:206.16,209.3 2 0
zrp/handler_part_changes.go:210.2,213.18 3 0
zrp/handler_part_changes.go:213.18,217.3 3 0
zrp/handler_part_changes.go:218.2,218.18 1 0
zrp/handler_part_changes.go:218.18,220.3 1 0
zrp/handler_part_changes.go:221.2,221.20 1 0
zrp/handler_part_changes.go:226.49,228.16 2 0
zrp/handler_part_changes.go:228.16,230.3 1 0
zrp/handler_part_changes.go:231.2,235.18 3 0
zrp/handler_part_changes.go:235.18,240.3 4 0
zrp/handler_part_changes.go:242.2,242.41 1 0
zrp/handler_part_changes.go:242.41,243.57 1 0
zrp/handler_part_changes.go:243.57,245.30 1 0
zrp/handler_part_changes.go:245.30,247.5 1 0
zrp/handler_part_changes.go:248.4,248.12 1 0
zrp/handler_part_changes.go:250.3,250.29 1 0
zrp/handler_part_changes.go:250.29,252.4 1 0
zrp/handler_part_changes.go:254.2,254.12 1 0
zrp/handler_part_changes.go:258.44,260.2 1 0
zrp/handler_part_changes.go:268.69,269.20 1 0
zrp/handler_part_changes.go:269.20,271.3 1 0
zrp/handler_part_changes.go:274.2,275.16 2 0
zrp/handler_part_changes.go:275.16,277.3 1 0
zrp/handler_part_changes.go:280.2,281.28 2 0
zrp/handler_part_changes.go:281.28,284.3 2 0
zrp/handler_part_changes.go:287.2,288.28 2 0
zrp/handler_part_changes.go:288.28,290.10 2 0
zrp/handler_part_changes.go:290.10,292.4 1 0
zrp/handler_part_changes.go:293.3,293.10 1 0
zrp/handler_part_changes.go:293.10,294.12 1 0
zrp/handler_part_changes.go:296.3,296.21 1 0
zrp/handler_part_changes.go:296.21,298.4 1 0
zrp/handler_part_changes.go:300.2,303.39 2 0
zrp/handler_part_changes.go:306.75,308.16 2 0
zrp/handler_part_changes.go:308.16,310.3 1 0
zrp/handler_part_changes.go:313.2,314.32 2 0
zrp/handler_part_changes.go:314.32,315.20 1 0
zrp/handler_part_changes.go:315.20,319.4 3 0
zrp/handler_part_changes.go:319.9,319.53 1 0
zrp/handler_part_changes.go:319.53,321.4 1 0
zrp/handler_part_changes.go:324.2,324.35 1 0
zrp/handler_part_changes.go:324.35,326.17 2 0
zrp/handler_part_changes.go:326.17,327.12 1 0
zrp/handler_part_changes.go:329.3,334.37 6 0
zrp/handler_part_changes.go:334.37,335.12 1 0
zrp/handler_part_changes.go:338.3,341.29 3 0
zrp/handler_part_changes.go:341.29,343.56 2 0
zrp/handler_part_changes.go:343.56,345.10 2 0
zrp/handler_part_changes.go:348.3,348.19 1 0
zrp/handler_part_changes.go:348.19,350.4 1 0
zrp/handler_part_changes.go:352.3,352.52 1 0
zrp/handler_part_changes.go:352.52,353.71 1 0
zrp/handler_part_changes.go:353.71,355.5 1 0
zrp/handler_part_changes.go:359.2,359.73 1 0
zrp/handler_part_changes.go:362.58,364.16 2 0
zrp/handler_part_changes.go:364.16,366.3 1 0
zrp/handler_part_changes.go:367.2,371.16 4 0
zrp/handler_part_changes.go:371.16,373.3 1 0
zrp/handler_part_changes.go:374.2,375.18 2 0
zrp/handler_part_changes.go:379.71,381.18 2 0
zrp/handler_part_changes.go:381.18,383.3 1 0
zrp/handler_part_changes.go:384.2,385.16 2 0
zrp/handler_part_changes.go:385.16,388.3 2 0
zrp/handler_part_changes.go:389.2,392.18 3 0
zrp/handler_part_changes.go:392.18,396.3 3 0
zrp/handler_part_changes.go:397.2,397.18 1 0
zrp/handler_part_changes.go:397.18,399.3 1 0
zrp/handler_part_changes.go:400.2,400.20 1 0
zrp/handler_part_changes.go:408.75,409.20 1 0
zrp/handler_part_changes.go:409.20,411.3 1 0
zrp/handler_part_changes.go:414.2,415.16 2 0
zrp/handler_part_changes.go:415.16,417.3 1 0
zrp/handler_part_changes.go:419.2,420.32 2 0
zrp/handler_part_changes.go:420.32,421.20 1 0
zrp/handler_part_changes.go:421.20,427.37 3 0
zrp/handler_part_changes.go:427.37,430.57 1 0
zrp/handler_part_changes.go:430.57,432.6 1 0
zrp/handler_part_changes.go:438.2,438.35 1 0
zrp/handler_part_changes.go:438.35,439.69 1 0
zrp/handler_part_changes.go:439.69,441.4 1 0
zrp/handler_part_changes.go:444.2,444.12 1 0
zrp/handler_part_changes.go:448.63,450.16 2 0
zrp/handler_part_changes.go:450.16,452.3 1 0
zrp/handler_part_changes.go:453.2,457.16 4 0
zrp/handler_part_changes.go:457.16,459.3 1 0
zrp/handler_part_changes.go:461.2,461.22 1 0
zrp/handler_part_changes.go:461.22,463.3 1 0
zrp/handler_part_changes.go:466.2,468.28 3 0
zrp/handler_part_changes.go:468.28,469.73 1 0
zrp/handler_part_changes.go:469.73,471.9 2 0
zrp/handler_part_changes.go:475.2,475.18 1 0
zrp/handler_part_changes.go:475.18,477.3 1 0
zrp/handler_part_changes.go:480.2,481.36 2 0
zrp/handler_part_changes.go:481.36,482.63 1 0
zrp/handler_part_changes.go:482.63,485.4 2 0
zrp/handler_part_changes.go:488.2,488.14 1 0
zrp/handler_part_changes.go:488.14,490.3 1 0
zrp/handler_part_changes.go:493.2,494.16 2 0
zrp/handler_part_changes.go:494.16,496.3 1 0
zrp/handler_part_changes.go:497.2,502.33 4 0
zrp/handler_part_changes.go:502.33,503.46 1 0
zrp/handler_part_changes.go:503.46,505.4 1 0
zrp/handler_part_changes.go:508.2,508.12 1 0
zrp/handler_parts.go:17.92,22.20 4 0
zrp/handler_parts.go:22.20,24.3 1 0
zrp/handler_parts.go:26.2,27.16 2 0
zrp/handler_parts.go:27.16,29.3 1 0
zrp/handler_parts.go:31.2,31.32 1 0
zrp/handler_parts.go:31.32,32.20 1 0
zrp/handler_parts.go:32.20,36.37 4 0
zrp/handler_parts.go:36.37,38.19 2 0
zrp/handler_parts.go:38.19,39.14 1 0
zrp/handler_parts.go:41.5,42.42 2 0
zrp/handler_parts.go:42.42,44.6 1 0
zrp/handler_parts.go:45.5,45.20 1 0
zrp/handler_parts.go:45.20,47.6 1 0
zrp/handler_parts.go:49.9,49.53 1 0
zrp/handler_parts.go:49.53,53.18 4 0
zrp/handler_parts.go:53.18,54.13 1 0
zrp/handler_parts.go:56.4,58.19 3 0
zrp/handler_parts.go:58.19,60.5 1 0
zrp/handler_parts.go:63.2,63.41 1 0
zrp/handler_parts.go:66.78,68.16 2 0
zrp/handler_parts.go:68.16,70.3 1 0
zrp/handler_parts.go:73.2,75.63 3 0
zrp/handler_parts.go:75.63,79.3 2 0
zrp/handler_parts.go:81.2,85.16 5 0
zrp/handler_parts.go:85.16,87.3 1 0
zrp/handler_parts.go:88.2,88.22 1 0
zrp/handler_parts.go:88.22,90.3 1 0
zrp/handler_parts.go:92.2,94.34 3 0
zrp/handler_parts.go:94.34,97.29 3 0
zrp/handler_parts.go:97.29,98.20 1 0
zrp/handler_parts.go:98.20,101.57 3 0
zrp/handler_parts.go:101.57,103.6 1 0
zrp/handler_parts.go:106.3,107.16 2 0
zrp/handler_parts.go:107.16,110.4 1 0
zrp/handler_parts.go:111.3,111.16 1 0
zrp/handler_parts.go:111.16,113.4 1 0
zrp/handler_parts.go:115.2,115.35 1 0
zrp/handler_parts.go:118.62,124.14 6 0
zrp/handler_parts.go:124.14,124.26 1 0
zrp/handler_parts.go:125.2,125.15 1 0
zrp/handler_parts.go:125.15,125.29 1 0
zrp/handler_parts.go:127.2,128.20 2 0
zrp/handler_parts.go:128.20,130.3 1 0
zrp/handler_parts.go:130.8,131.26 1 0
zrp/handler_parts.go:131.26,133.4 1 0
zrp/handler_parts.go:137.2,137.13 1 0
zrp/handler_parts.go:137.13,139.25 2 0
zrp/handler_parts.go:139.25,140.51 1 0
zrp/handler_parts.go:140.51,142.13 2 0
zrp/handler_parts.go:144.4,144.31 1 0
zrp/handler_parts.go:144.31,145.48 1 0
zrp/handler_parts.go:145.48,147.11 2 0
zrp/handler_parts.go:151.3,151.17 1 0
zrp/handler_parts.go:155.2,157.24 3 0
zrp/handler_parts.go:157.24,158.19 1 0
zrp/handler_parts.go:158.19,161.4 2 0
zrp/handler_parts.go:163.2,165.38 2 0
zrp/handler_parts.go:165.38,165.72 1 0
zrp/handler_parts.go:166.2,168.19 3 0
zrp/handler_parts.go:168.19,168.36 1 0
zrp/handler_parts.go:169.2,170.17 2 0
zrp/handler_parts.go:170.17,170.32 1 0
zrp/handler_parts.go:172.2,172.16 1 0
zrp/handler_parts.go:172.16,172.34 1 0
zrp/handler_parts.go:173.2,173.53 1 0
zrp/handler_parts.go:176.72,178.29 2 0
zrp/handler_parts.go:178.29,179.27 1 0
zrp/handler_parts.go:179.27,180.20 1 0
zrp/handler_parts.go:180.20,183.5 2 0
zrp/handler_parts.go:186.2,186.35 1 0
zrp/handler_parts.go:189.63,195.45 2 0
zrp/handler_parts.go:195.45,198.3 2 0
zrp/handler_parts.go:199.2,199.20 1 0
zrp/handler_parts.go:199.20,202.3 2 0
zrp/handler_parts.go:203.2,203.25 1 0
zrp/handler_parts.go:203.25,206.3 2 0
zrp/handler_parts.go:209.2,210.19 2 0
zrp/handler_parts.go:210.19,213.3 2 0
zrp/handler_parts.go:216.2,217.29 2 0
zrp/handler_parts.go:217.29,218.27 1 0
zrp/handler_parts.go:218.27,219.25 1 0
zrp/handler_parts.go:219.25,222.5 2 0
zrp/handler_parts.go:227.2,228.16 2 0
zrp/handler_parts.go:228.16,231.3 2 0
zrp/handler_parts.go:232.2,237.36 6 0
zrp/handler_parts.go:237.36,240.3 2 0
zrp/handler_parts.go:242.2,246.28 3 0
zrp/handler_parts.go:246.28,248.55 2 0
zrp/handler_parts.go:248.55,250.4 1 0
zrp/handler_parts.go:250.9,250.41 1 0
zrp/handler_parts.go:250.41,252.4 1 0
zrp/handler_parts.go:252.9,252.58 1 0
zrp/handler_parts.go:252.58,254.4 1 0
zrp/handler_parts.go:258.2,260.16 3 0
zrp/handler_parts.go:260.16,263.3 2 0
zrp/handler_parts.go:264.2,269.28 5 0
zrp/handler_parts.go:269.28,271.3 1 0
zrp/handler_parts.go:272.2,274.50 2 0
zrp/handler_parts.go:278.46,279.20 1 0
zrp/handler_parts.go:279.20,281.3 1 0
zrp/handler_parts.go:283.2,284.38 2 0
zrp/handler_parts.go:284.38,286.3 1 0
zrp/handler_parts.go:288.2,289.16 2 0
zrp/handler_parts.go:289.16,291.3 1 0
zrp/handler_parts.go:292.2,292.28 1 0
zrp/handler_parts.go:292.28,293.56 1 0
zrp/handler_parts.go:293.56,295.41 2 0
zrp/handler_parts.go:295.41,297.5 1 0
zrp/handler_parts.go:300.2,300.11 1 0
zrp/handler_parts.go:303.67,308.86 2 0
zrp/handler_parts.go:308.86,311.3 2 0
zrp/handler_parts.go:313.2,318.44 4 0
zrp/handler_parts.go:318.44,321.3 2 0
zrp/handler_parts.go:324.2,325.16 2 0
zrp/handler_parts.go:325.16,328.3 2 0
zrp/handler_parts.go:330.2,337.128 7 0
zrp/handler_parts.go:340.61,342.15 2 0
zrp/handler_parts.go:342.15,345.3 2 0
zrp/handler_parts.go:346.2,348.29 3 0
zrp/handler_parts.go:348.29,349.27 1 0
zrp/handler_parts.go:349.27,350.20 1 0
zrp/handler_parts.go:350.20,352.10 2 0
zrp/handler_parts.go:355.3,355.13 1 0
zrp/handler_parts.go:355.13,356.9 1 0
zrp/handler_parts.go:359.2,359.48 1 0
zrp/handler_parts.go:362.75,364.2 1 0
zrp/handler_parts.go:366.75,368.2 1 0
zrp/handler_parts.go:370.67,373.32 3 0
zrp/handler_parts.go:373.32,375.18 2 0
zrp/handler_parts.go:375.18,375.39 1 0
zrp/handler_parts.go:376.3,377.24 2 0
zrp/handler_parts.go:377.24,379.4 1 0
zrp/handler_parts.go:380.3,380.99 1 0
zrp/handler_parts.go:382.2,382.41 1 0
zrp/handler_parts.go:382.41,382.83 1 0
zrp/handler_parts.go:383.2,383.21 1 0
zrp/handler_parts.go:386.76,388.64 2 0
zrp/handler_parts.go:388.64,391.3 2 0
zrp/handler_parts.go:393.2,393.92 1 0
zrp/handler_parts.go:396.88,398.2 1 0
zrp/handler_parts.go:401.65,402.17 1 0
zrp/handler_parts.go:402.17,404.3 1 0
zrp/handler_parts.go:405.2,406.16 2 0
zrp/handler_parts.go:406.16,408.3 1 0
zrp/handler_parts.go:409.2,409.29 1 0
zrp/handler_parts.go:409.29,410.27 1 0
zrp/handler_parts.go:410.27,411.20 1 0
zrp/handler_parts.go:411.20,413.5 1 0
zrp/handler_parts.go:416.2,416.51 1 0
zrp/handler_parts.go:428.72,431.76 2 0
zrp/handler_parts.go:431.76,434.3 2 0
zrp/handler_parts.go:436.2,437.16 2 0
zrp/handler_parts.go:437.16,440.3 2 0
zrp/handler_parts.go:441.2,441.19 1 0
zrp/handler_parts.go:444.70,445.22 1 0
zrp/handler_parts.go:445.22,447.3 1 0
zrp/handler_parts.go:450.2,452.19 3 0
zrp/handler_parts.go:452.19,453.28 1 0
zrp/handler_parts.go:453.28,454.75 1 0
zrp/handler_parts.go:454.75,456.10 2 0
zrp/handler_parts.go:461.2,464.20 2 0
zrp/handler_parts.go:464.20,466.3 1 0
zrp/handler_parts.go:469.2,474.28 3 0
zrp/handler_parts.go:474.28,475.16 1 0
zrp/handler_parts.go:475.16,477.4 1 0
zrp/handler_parts.go:480.2,481.29 2 0
zrp/handler_parts.go:481.29,482.39 1 0
zrp/handler_parts.go:482.39,484.9 2 0
zrp/handler_parts.go:488.2,488.19 1 0
zrp/handler_parts.go:488.19,490.3 1 0
zrp/handler_parts.go:492.2,493.16 2 0
zrp/handler_parts.go:493.16,495.3 1 0
zrp/handler_parts.go:496.2,502.36 6 0
zrp/handler_parts.go:502.36,504.3 1 0
zrp/handler_parts.go:506.2,508.28 3 0
zrp/handler_parts.go:508.28,510.10 2 0
zrp/handler_parts.go:511.57,512.14 1 0
zrp/handler_parts.go:513.40,514.14 1 0
zrp/handler_parts.go:515.82,516.14 1 0
zrp/handler_parts.go:517.44,518.15 1 0
zrp/handler_parts.go:521.2,521.18 1 0
zrp/handler_parts.go:521.18,523.3 1 0
zrp/handler_parts.go:525.2,525.34 1 0
zrp/handler_parts.go:525.34,526.25 1 0
zrp/handler_parts.go:526.25,527.12 1 0
zrp/handler_parts.go:529.3,530.21 2 0
zrp/handler_parts.go:530.21,531.12 1 0
zrp/handler_parts.go:533.3,534.39 2 0
zrp/handler_parts.go:534.39,535.84 1 0
zrp/handler_parts.go:535.84,537.5 1 0
zrp/handler_parts.go:539.3,540.39 2 0
zrp/handler_parts.go:540.39,542.4 1 0
zrp/handler_parts.go:543.3,544.41 2 0
zrp/handler_parts.go:544.41,546.4 1 0
zrp/handler_parts.go:548.3,549.85 2 0
zrp/handler_parts.go:549.85,552.24 2 0
zrp/handler_parts.go:552.24,555.36 3 0
zrp/handler_parts.go:555.36,557.6 1 0
zrp/handler_parts.go:558.5,558.54 1 0
zrp/handler_parts.go:560.9,562.23 1 0
zrp/handler_parts.go:562.23,564.27 2 0
zrp/handler_parts.go:564.27,565.36 1 0
zrp/handler_parts.go:565.36,566.78 1 0
zrp/handler_parts.go:566.78,568.13 2 0
zrp/handler_parts.go:573.4,573.132 1 0
zrp/handler_parts.go:577.2,577.18 1 0
zrp/handler_parts.go:580.73,592.16 6 0
zrp/handler_parts.go:592.16,596.3 3 0
zrp/handler_parts.go:599.2,600.74 2 0
zrp/handler_parts.go:600.74,603.3 2 0
zrp/handler_parts.go:605.2,605.21 1 0
zrp/handler_parts.go:608.59,609.40 1 0
zrp/handler_parts.go:609.40,611.3 1 0
zrp/handler_parts.go:613.2,615.28 3 0
zrp/handler_parts.go:615.28,616.16 1 0
zrp/handler_parts.go:616.16,618.4 1 0
zrp/handler_parts.go:620.2,621.29 2 0
zrp/handler_parts.go:621.29,622.39 1 0
zrp/handler_parts.go:622.39,624.9 2 0
zrp/handler_parts.go:627.2,627.19 1 0
zrp/handler_parts.go:627.19,629.3 1 0
zrp/handler_parts.go:630.2,631.16 2 0
zrp/handler_parts.go:631.16,633.3 1 0
zrp/handler_parts.go:634.2,639.36 6 0
zrp/handler_parts.go:639.36,641.3 1 0
zrp/handler_parts.go:642.2,644.28 3 0
zrp/handler_parts.go:644.28,646.55 2 0
zrp/handler_parts.go:646.55,648.4 1 0
zrp/handler_parts.go:649.3,649.38 1 0
zrp/handler_parts.go:649.38,651.4 1 0
zrp/handler_parts.go:653.2,653.18 1 0
zrp/handler_parts.go:653.18,655.3 1 0
zrp/handler_parts.go:656.2,657.34 2 0
zrp/handler_parts.go:657.34,658.25 1 0
zrp/handler_parts.go:658.25,659.12 1 0
zrp/handler_parts.go:661.3,662.21 2 0
zrp/handler_parts.go:662.21,663.12 1 0
zrp/handler_parts.go:665.3,666.39 2 0
zrp/handler_parts.go:666.39,667.80 1 0
zrp/handler_parts.go:667.80,669.5 1 0
zrp/handler_parts.go:671.3,672.85 2 0
zrp/handler_parts.go:672.85,674.4 1 0
zrp/handler_parts.go:674.9,678.4 3 0
zrp/handler_parts.go:680.2,680.14 1 0
zrp/handler_parts.go:683.62,695.25 10 0
zrp/handler_parts.go:695.25,695.51 1 0
zrp/handler_parts.go:697.2,697.16 1 0
zrp/handler_permissions.go:9.68,13.16 3 0
zrp/handler_permissions.go:13.16,16.3 2 0
zrp/handler_permissions.go:17.2,20.18 3 0
zrp/handler_permissions.go:20.18,22.73 2 0
zrp/handler_permissions.go:22.73,23.12 1 0
zrp/handler_permissions.go:25.3,25.47 1 0
zrp/handler_permissions.go:25.47,27.4 1 0
zrp/handler_permissions.go:29.2,29.18 1 0
zrp/handler_permissions.go:29.18,31.3 1 0
zrp/handler_permissions.go:32.2,32.20 1 0
zrp/handler_permissions.go:36.64,42.33 3 0
zrp/handler_permissions.go:42.33,44.3 1 0
zrp/handler_permissions.go:45.2,45.22 1 0
zrp/handler_permissions.go:49.66,51.35 2 0
zrp/handler_permissions.go:51.35,54.34 2 0
zrp/handler_permissions.go:54.34,55.35 1 0
zrp/handler_permissions.go:55.35,57.5 1 0
zrp/handler_permissions.go:59.3,60.9 2 0
zrp/handler_permissions.go:62.2,62.39 1 0
zrp/handler_permissions.go:66.80,68.16 1 0
zrp/handler_permissions.go:68.16,71.3 2 0
zrp/handler_permissions.go:74.2,80.61 2 0
zrp/handler_permissions.go:80.61,83.3 2 0
zrp/handler_permissions.go:86.2,87.31 2 0
zrp/handler_permissions.go:87.31,89.3 1 0
zrp/handler_permissions.go:90.2,91.31 2 0
zrp/handler_permissions.go:91.31,93.3 1 0
zrp/handler_permissions.go:96.2,98.36 3 0
zrp/handler_permissions.go:98.36,99.30 1 0
zrp/handler_permissions.go:99.30,102.4 2 0
zrp/handler_permissions.go:103.3,103.30 1 0
zrp/handler_permissions.go:103.30,106.4 2 0
zrp/handler_permissions.go:108.3,109.20 2 0
zrp/handler_permissions.go:109.20,112.4 2 0
zrp/handler_permissions.go:117.2,118.27 2 0
zrp/handler_permissions.go:118.27,121.3 2 0
zrp/handler_permissions.go:124.2,124.60 1 0
zrp/handler_permissions.go:124.60,127.3 2 0
zrp/handler_permissions.go:129.2,129.53 1 0
zrp/handler_prices.go:28.75,35.16 2 0
zrp/handler_prices.go:35.16,38.3 2 0
zrp/handler_prices.go:39.2,41.18 3 0
zrp/handler_prices.go:41.18,45.3 3 0
zrp/handler_prices.go:46.2,46.18 1 0
zrp/handler_prices.go:46.18,48.3 1 0
zrp/handler_prices.go:49.2,49.20 1 0
zrp/handler_prices.go:52.64,63.42 2 0
zrp/handler_prices.go:63.42,66.3 2 0
zrp/handler_prices.go:67.2,67.37 1 0
zrp/handler_prices.go:67.37,70.3 2 0
zrp/handler_prices.go:71.2,71.22 1 0
zrp/handler_prices.go:71.22,73.3 1 0
zrp/handler_prices.go:74.2,74.19 1 0
zrp/handler_prices.go:74.19,76.3 1 0
zrp/handler_prices.go:79.2,80.25 2 0
zrp/handler_prices.go:80.25,82.3 1 0
zrp/handler_prices.go:82.8,82.51 1 0
zrp/handler_prices.go:82.51,84.101 2 0
zrp/handler_prices.go:84.101,86.4 1 0
zrp/handler_prices.go:89.2,92.16 2 0
zrp/handler_prices.go:92.16,95.3 2 0
zrp/handler_prices.go:96.2,98.88 3 0
zrp/handler_prices.go:101.75,103.16 2 0
zrp/handler_prices.go:103.16,106.3 2 0
zrp/handler_prices.go:107.2,108.12 2 0
zrp/handler_prices.go:108.12,111.3 2 0
zrp/handler_prices.go:112.2,113.53 2 0
zrp/handler_prices.go:116.75,123.16 2 0
zrp/handler_prices.go:123.16,126.3 2 0
zrp/handler_prices.go:127.2,129.18 3 0
zrp/handler_prices.go:129.18,133.3 3 0
zrp/handler_prices.go:134.2,134.19 1 0
zrp/handler_prices.go:134.19,136.3 1 0
zrp/handler_prices.go:137.2,137.21 1 0
zrp/handler_prices.go:141.78,142.20 1 0
zrp/handler_prices.go:142.20,144.3 1 0
zrp/handler_prices.go:145.2,146.20 2 0
zrp/handler_prices.go:146.20,148.3 1 0
zrp/handler_prices.go:149.2,150.46 1 0
zrp/handler_procurement.go:11.60,13.16 2 0
zrp/handler_procurement.go:13.16,13.56 2 0
zrp/handler_procurement.go:14.2,16.18 3 0
zrp/handler_procurement.go:16.18,22.3 5 0
zrp/handler_procurement.go:23.2,23.18 1 0
zrp/handler_procurement.go:23.18,23.47 1 0
zrp/handler_procurement.go:24.2,24.20 1 0
zrp/handler_procurement.go:27.69,32.16 4 0
zrp/handler_procurement.go:32.16,32.56 2 0
zrp/handler_procurement.go:33.2,37.17 3 0
zrp/handler_procurement.go:37.17,39.19 2 0
zrp/handler_procurement.go:39.19,43.4 3 0
zrp/handler_procurement.go:45.2,45.20 1 0
zrp/handler_procurement.go:45.20,45.44 1 0
zrp/handler_procurement.go:46.2,46.16 1 0
zrp/handler_procurement.go:49.61,51.42 2 0
zrp/handler_procurement.go:51.42,51.85 2 0
zrp/handler_procurement.go:53.2,54.22 2 0
zrp/handler_procurement.go:54.22,54.84 1 0
zrp/handler_procurement.go:55.2,55.20 1 0
zrp/handler_procurement.go:55.20,55.77 1 0
zrp/handler_procurement.go:56.2,57.28 2 0
zrp/handler_procurement.go:57.28,58.24 1 0
zrp/handler_procurement.go:58.24,58.95 1 0
zrp/handler_procurement.go:59.3,60.22 2 0
zrp/handler_procurement.go:60.22,60.96 1 0
zrp/handler_procurement.go:61.3,61.76 1 0
zrp/handler_procurement.go:63.2,63.20 1 0
zrp/handler_procurement.go:63.20,63.59 2 0
zrp/handler_procurement.go:65.2,66.20 2 0
zrp/handler_procurement.go:66.20,66.42 1 0
zrp/handler_procurement.go:67.2,71.16 4 0
zrp/handler_procurement.go:71.16,71.56 2 0
zrp/handler_procurement.go:73.2,73.28 1 0
zrp/handler_procurement.go:73.28,76.3 1 0
zrp/handler_procurement.go:77.2,80.16 4 0
zrp/handler_procurement.go:83.72,86.42 3 0
zrp/handler_procurement.go:86.42,86.85 2 0
zrp/handler_procurement.go:87.2,89.16 2 0
zrp/handler_procurement.go:89.16,89.56 2 0
zrp/handler_procurement.go:90.2,93.23 4 0
zrp/handler_procurement.go:96.69,101.64 2 0
zrp/handler_procurement.go:101.64,104.3 2 0
zrp/handler_procurement.go:107.2,110.16 4 0
zrp/handler_procurement.go:110.16,113.3 2 0
zrp/handler_procurement.go:116.2,117.16 2 0
zrp/handler_procurement.go:117.16,120.3 2 0
zrp/handler_procurement.go:121.2,124.18 3 0
zrp/handler_procurement.go:124.18,130.19 6 0
zrp/handler_procurement.go:130.19,133.19 3 0
zrp/handler_procurement.go:133.19,134.30 1 0
zrp/handler_procurement.go:134.30,136.21 2 0
zrp/handler_procurement.go:136.21,138.7 1 0
zrp/handler_procurement.go:139.6,139.30 1 0
zrp/handler_procurement.go:139.30,141.7 1 0
zrp/handler_procurement.go:144.4,144.103 1 0
zrp/handler_procurement.go:148.2,148.21 1 0
zrp/handler_procurement.go:148.21,151.3 2 0
zrp/handler_procurement.go:154.2,158.16 4 0
zrp/handler_procurement.go:158.16,161.3 2 0
zrp/handler_procurement.go:163.2,163.26 1 0
zrp/handler_procurement.go:163.26,166.3 1 0
zrp/handler_procurement.go:168.2,169.73 2 0
zrp/handler_procurement.go:172.73,180.45 2 0
zrp/handler_procurement.go:180.45,180.88 2 0
zrp/handler_procurement.go:182.2,186.31 4 0
zrp/handler_procurement.go:186.31,192.33 5 0
zrp/handler_procurement.go:192.33,194.4 1 0
zrp/handler_procurement.go:196.3,196.16 1 0
zrp/handler_procurement.go:196.16,197.27 1 0
zrp/handler_procurement.go:197.27,202.5 3 0
zrp/handler_procurement.go:202.10,206.5 1 0
zrp/handler_procurement.go:210.2,212.35 3 0
zrp/handler_procurement.go:212.35,214.3 1 0
zrp/handler_procurement.go:214.8,216.3 1 0
zrp/handler_procurement.go:217.2,219.23 3 0
zrp/handler_procurement.go:223.74,228.64 2 0
zrp/handler_procurement.go:228.64,231.3 2 0
zrp/handler_procurement.go:234.2,237.16 4 0
zrp/handler_procurement.go:237.16,240.3 2 0
zrp/handler_procurement.go:243.2,252.16 3 0
zrp/handler_procurement.go:252.16,255.3 2 0
zrp/handler_procurement.go:256.2,259.21 3 0
zrp/handler_procurement.go:259.21,268.33 7 0
zrp/handler_procurement.go:268.33,270.4 1 0
zrp/handler_procurement.go:272.3,273.23 2 0
zrp/handler_procurement.go:273.23,275.4 1 0
zrp/handler_procurement.go:278.2,278.28 1 0
zrp/handler_procurement.go:278.28,281.3 2 0
zrp/handler_procurement.go:284.2,297.35 3 0
zrp/handler_procurement.go:297.35,309.17 4 0
zrp/handler_procurement.go:309.17,311.12 1 0
zrp/handler_procurement.go:314.3,314.36 1 0
zrp/handler_procurement.go:314.36,316.4 1 0
zrp/handler_procurement.go:318.3,330.5 1 0
zrp/handler_procurement.go:334.2,338.44 4 0
zrp/handler_procurement.go:338.44,345.17 3 0
zrp/handler_procurement.go:345.17,348.4 2 0
zrp/handler_procurement.go:350.3,354.36 3 0
zrp/handler_procurement.go:354.36,360.4 1 0
zrp/handler_procurement.go:363.2,369.4 2 0
zrp/handler_procurement.go:373.89,379.45 2 0
zrp/handler_procurement.go:379.45,382.3 2 0
zrp/handler_procurement.go:384.2,384.60 1 0
zrp/handler_procurement.go:384.60,387.3 2 0
zrp/handler_procurement.go:390.2,393.16 3 0
zrp/handler_procurement.go:393.16,396.3 2 0
zrp/handler_procurement.go:398.2,398.32 1 0
zrp/handler_procurement.go:398.32,401.3 2 0
zrp/handler_procurement.go:404.2,414.16 5 0
zrp/handler_procurement.go:414.16,417.3 2 0
zrp/handler_procurement.go:419.2,425.48 3 0
zrp/handler_procurement.go:425.48,434.17 3 0
zrp/handler_procurement.go:434.17,437.4 2 0
zrp/handler_procurement.go:440.3,446.17 2 0
zrp/handler_procurement.go:446.17,449.4 2 0
zrp/handler_procurement.go:450.3,452.19 2 0
zrp/handler_procurement.go:452.19,458.22 4 0
zrp/handler_procurement.go:458.22,459.13 1 0
zrp/handler_procurement.go:462.4,467.18 2 0
zrp/handler_procurement.go:467.18,470.5 2 0
zrp/handler_procurement.go:474.3,482.5 3 0
zrp/handler_procurement.go:485.2,490.4 1 0
zrp/handler_product_pricing.go:48.71,56.21 5 0
zrp/handler_product_pricing.go:56.21,59.3 2 0
zrp/handler_product_pricing.go:60.2,60.22 1 0
zrp/handler_product_pricing.go:60.22,63.3 2 0
zrp/handler_product_pricing.go:64.2,67.16 3 0
zrp/handler_product_pricing.go:67.16,70.3 2 0
zrp/handler_product_pricing.go:71.2,73.18 3 0
zrp/handler_product_pricing.go:73.18,79.3 3 0
zrp/handler_product_pricing.go:80.2,80.18 1 0
zrp/handler_product_pricing.go:80.18,82.3 1 0
zrp/handler_product_pricing.go:83.2,83.20 1 0
zrp/handler_product_pricing.go:86.81,94.16 3 0
zrp/handler_product_pricing.go:94.16,97.3 2 0
zrp/handler_product_pricing.go:98.2,98.16 1 0
zrp/handler_product_pricing.go:101.73,103.42 2 0
zrp/handler_product_pricing.go:103.42,106.3 2 0
zrp/handler_product_pricing.go:107.2,107.24 1 0
zrp/handler_product_pricing.go:107.24,110.3 2 0
zrp/handler_product_pricing.go:111.2,111.22 1 0
zrp/handler_product_pricing.go:111.22,113.3 1 0
zrp/handler_product_pricing.go:114.2,114.25 1 0
zrp/handler_product_pricing.go:114.25,116.3 1 0
zrp/handler_product_pricing.go:117.2,122.16 3 0
zrp/handler_product_pricing.go:122.16,125.3 2 0
zrp/handler_product_pricing.go:126.2,130.16 5 0
zrp/handler_product_pricing.go:133.84,142.16 3 0
zrp/handler_product_pricing.go:142.16,145.3 2 0
zrp/handler_product_pricing.go:147.2,148.47 2 0
zrp/handler_product_pricing.go:148.47,151.3 2 0
zrp/handler_product_pricing.go:153.2,153.49 1 0
zrp/handler_product_pricing.go:153.49,155.3 1 0
zrp/handler_product_pricing.go:156.2,156.50 1 0
zrp/handler_product_pricing.go:156.50,158.3 1 0
zrp/handler_product_pricing.go:159.2,159.46 1 0
zrp/handler_product_pricing.go:159.46,161.3 1 0
zrp/handler_product_pricing.go:162.2,162.46 1 0
zrp/handler_product_pricing.go:162.46,164.3 1 0
zrp/handler_product_pricing.go:165.2,165.49 1 0
zrp/handler_product_pricing.go:165.49,167.3 1 0
zrp/handler_product_pricing.go:168.2,168.46 1 0
zrp/handler_product_pricing.go:168.46,170.3 1 0
zrp/handler_product_pricing.go:171.2,171.52 1 0
zrp/handler_product_pricing.go:171.52,173.3 1 0
zrp/handler_product_pricing.go:174.2,174.49 1 0
zrp/handler_product_pricing.go:174.49,176.3 1 0
zrp/handler_product_pricing.go:177.2,177.43 1 0
zrp/handler_product_pricing.go:177.43,179.3 1 0
zrp/handler_product_pricing.go:181.2,187.16 4 0
zrp/handler_product_pricing.go:187.16,190.3 2 0
zrp/handler_product_pricing.go:191.2,191.23 1 0
zrp/handler_product_pricing.go:194.84,196.16 2 0
zrp/handler_product_pricing.go:196.16,199.3 2 0
zrp/handler_product_pricing.go:200.2,201.12 2 0
zrp/handler_product_pricing.go:201.12,204.3 2 0
zrp/handler_product_pricing.go:205.2,205.53 1 0
zrp/handler_product_pricing.go:208.69,213.16 2 0
zrp/handler_product_pricing.go:213.16,216.3 2 0
zrp/handler_product_pricing.go:217.2,219.18 3 0
zrp/handler_product_pricing.go:219.18,224.3 3 0
zrp/handler_product_pricing.go:225.2,225.18 1 0
zrp/handler_product_pricing.go:225.18,227.3 1 0
zrp/handler_product_pricing.go:228.2,228.20 1 0
zrp/handler_product_pricing.go:231.71,233.42 2 0
zrp/handler_product_pricing.go:233.42,236.3 2 0
zrp/handler_product_pricing.go:237.2,237.24 1 0
zrp/handler_product_pricing.go:237.24,240.3 2 0
zrp/handler_product_pricing.go:241.2,246.22 4 0
zrp/handler_product_pricing.go:246.22,248.3 1 0
zrp/handler_product_pricing.go:250.2,261.16 5 0
zrp/handler_product_pricing.go:261.16,264.3 2 0
zrp/handler_product_pricing.go:265.2,267.16 3 0
zrp/handler_product_pricing.go:270.86,274.16 2 0
zrp/handler_product_pricing.go:274.16,277.3 2 0
zrp/handler_product_pricing.go:278.2,280.18 3 0
zrp/handler_product_pricing.go:280.18,286.3 3 0
zrp/handler_product_pricing.go:287.2,287.18 1 0
zrp/handler_product_pricing.go:287.18,289.3 1 0
zrp/handler_product_pricing.go:290.2,290.20 1 0
zrp/handler_product_pricing.go:293.77,295.44 2 0
zrp/handler_product_pricing.go:295.44,298.3 2 0
zrp/handler_product_pricing.go:299.2,299.23 1 0
zrp/handler_product_pricing.go:299.23,302.3 2 0
zrp/handler_product_pricing.go:304.2,305.29 2 0
zrp/handler_product_pricing.go:305.29,308.17 3 0
zrp/handler_product_pricing.go:308.17,309.12 1 0
zrp/handler_product_pricing.go:311.3,312.29 2 0
zrp/handler_product_pricing.go:313.21,314.59 1 0
zrp/handler_product_pricing.go:315.19,316.49 1 0
zrp/handler_product_pricing.go:317.11,319.10 2 0
zrp/handler_product_pricing.go:322.3,325.17 4 0
zrp/handler_product_pricing.go:325.17,327.4 1 0
zrp/handler_product_pricing.go:329.2,332.4 1 0
zrp/handler_product_pricing.go:336.53,337.22 1 0
zrp/handler_product_pricing.go:337.22,339.3 1 0
zrp/handler_product_pricing.go:340.2,340.11 1 0
zrp/handler_product_pricing.go:343.34,345.2 1 0
zrp/handler_query_profiler.go:8.71,9.21 1 0
zrp/handler_query_profiler.go:9.21,12.3 2 0
zrp/handler_query_profiler.go:14.2,15.20 2 0
zrp/handler_query_profiler.go:19.77,20.21 1 0
zrp/handler_query_profiler.go:20.21,23.3 2 0
zrp/handler_query_profiler.go:25.2,30.4 2 0
zrp/handler_query_profiler.go:34.76,35.21 1 0
zrp/handler_query_profiler.go:35.21,38.3 2 0
zrp/handler_query_profiler.go:40.2,44.4 2 0
zrp/handler_query_profiler.go:48.71,49.24 1 0
zrp/handler_query_profiler.go:49.24,52.3 2 0
zrp/handler_query_profiler.go:54.2,54.21 1 0
zrp/handler_query_profiler.go:54.21,57.3 2 0
zrp/handler_query_profiler.go:59.2,60.79 2 0
zrp/handler_quotes.go:12.63,14.16 2 0
zrp/handler_quotes.go:14.16,14.56 2 0
zrp/handler_quotes.go:15.2,17.18 3 0
zrp/handler_quotes.go:17.18,23.3 5 0
zrp/handler_quotes.go:24.2,24.18 1 0
zrp/handler_quotes.go:24.18,24.39 1 0
zrp/handler_quotes.go:25.2,25.20 1 0
zrp/handler_quotes.go:28.72,33.16 4 0
zrp/handler_quotes.go:33.16,33.56 2 0
zrp/handler_quotes.go:34.2,37.17 3 0
zrp/handler_quotes.go:37.17,39.19 2 0
zrp/handler_quotes.go:39.19,43.4 3 0
zrp/handler_quotes.go:45.2,45.20 1 0
zrp/handler_quotes.go:45.20,45.47 1 0
zrp/handler_quotes.go:46.2,46.16 1 0
zrp/handler_quotes.go:49.64,51.42 2 0
zrp/handler_quotes.go:51.42,51.85 2 0
zrp/handler_quotes.go:53.2,55.20 3 0
zrp/handler_quotes.go:55.20,55.80 1 0
zrp/handler_quotes.go:56.2,57.28 2 0
zrp/handler_quotes.go:57.28,58.17 1 0
zrp/handler_quotes.go:58.17,58.80 1 0
zrp/handler_quotes.go:59.3,60.22 2 0
zrp/handler_quotes.go:60.22,60.96 1 0
zrp/handler_quotes.go:61.3,61.76 1 0
zrp/handler_quotes.go:63.2,63.20 1 0
zrp/handler_quotes.go:63.20,63.59 2 0
zrp/handler_quotes.go:65.2,66.20 2 0
zrp/handler_quotes.go:66.20,66.42 1 0
zrp/handler_quotes.go:67.2,70.16 3 0
zrp/handler_quotes.go:70.16,70.56 2 0
zrp/handler_quotes.go:71.2,71.28 1 0
zrp/handler_quotes.go:71.28,74.3 1 0
zrp/handler_quotes.go:75.2,78.16 4 0
zrp/handler_quotes.go:81.75,84.42 3 0
zrp/handler_quotes.go:84.42,84.85 2 0
zrp/handler_quotes.go:85.2,87.16 2 0
zrp/handler_quotes.go:87.16,87.56 2 0
zrp/handler_quotes.go:88.2,91.26 4 0
zrp/handler_quotes.go:94.73,96.16 2 0
zrp/handler_quotes.go:96.16,96.56 2 0
zrp/handler_quotes.go:97.2,110.18 7 0
zrp/handler_quotes.go:110.18,122.17 10 0
zrp/handler_quotes.go:122.17,126.21 4 0
zrp/handler_quotes.go:126.21,129.5 2 0
zrp/handler_quotes.go:130.4,131.23 2 0
zrp/handler_quotes.go:133.3,133.28 1 0
zrp/handler_quotes.go:135.2,135.18 1 0
zrp/handler_quotes.go:135.18,135.44 1 0
zrp/handler_quotes.go:137.2,142.18 2 0
zrp/handler_quotes.go:142.18,145.22 3 0
zrp/handler_quotes.go:145.22,147.4 1 0
zrp/handler_quotes.go:148.3,150.46 3 0
zrp/handler_quotes.go:152.2,152.21 1 0
zrp/handler_quotes.go:155.72,160.16 4 0
zrp/handler_quotes.go:160.16,163.3 2 0
zrp/handler_quotes.go:165.2,166.17 2 0
zrp/handler_quotes.go:166.17,168.19 2 0
zrp/handler_quotes.go:168.19,172.4 3 0
zrp/handler_quotes.go:175.2,177.28 3 0
zrp/handler_quotes.go:177.28,182.3 3 0
zrp/handler_quotes.go:183.2,183.20 1 0
zrp/handler_quotes.go:183.20,185.3 1 0
zrp/handler_quotes.go:187.2,188.20 2 0
zrp/handler_quotes.go:188.20,190.3 1 0
zrp/handler_quotes.go:192.2,247.17 1 0
zrp/handler_quotes.go:247.17,248.21 1 0
zrp/handler_quotes.go:248.21,250.5 1 0
zrp/handler_quotes.go:251.4,251.13 1 0
zrp/handler_quotes.go:254.2,258.29 5 0
zrp/handler_receiving.go:31.66,37.16 3 0
zrp/handler_receiving.go:38.17,39.44 1 0
zrp/handler_receiving.go:40.19,41.48 1 0
zrp/handler_receiving.go:43.2,46.16 3 0
zrp/handler_receiving.go:46.16,49.3 2 0
zrp/handler_receiving.go:50.2,53.18 3 0
zrp/handler_receiving.go:53.18,60.3 5 0
zrp/handler_receiving.go:61.2,61.18 1 0
zrp/handler_receiving.go:61.18,63.3 1 0
zrp/handler_receiving.go:64.2,64.20 1 0
zrp/handler_receiving.go:67.83,69.16 2 0
zrp/handler_receiving.go:69.16,72.3 2 0
zrp/handler_receiving.go:74.2,81.45 2 0
zrp/handler_receiving.go:81.45,84.3 2 0
zrp/handler_receiving.go:87.2,94.16 4 0
zrp/handler_receiving.go:94.16,95.27 1 0
zrp/handler_receiving.go:95.27,97.4 1 0
zrp/handler_receiving.go:97.9,99.4 1 0
zrp/handler_receiving.go:100.3,100.9 1 0
zrp/handler_receiving.go:104.2,105.28 2 0
zrp/handler_receiving.go:105.28,108.3 2 0
zrp/handler_receiving.go:110.2,111.21 2 0
zrp/handler_receiving.go:111.21,113.3 1 0
zrp/handler_receiving.go:115.2,118.16 3 0
zrp/handler_receiving.go:118.16,121.3 2 0
zrp/handler_receiving.go:124.2,124.24 1 0
zrp/handler_receiving.go:124.24,129.3 3 0
zrp/handler_receiving.go:132.2,132.24 1 0
zrp/handler_receiving.go:132.24,139.3 5 0
zrp/handler_receiving.go:141.2,153.22 6 0
zrp/handler_receiving.go:157.74,169.29 4 0
zrp/handler_receiving.go:169.29,170.27 1 0
zrp/handler_receiving.go:170.27,172.76 2 0
zrp/handler_receiving.go:172.76,174.5 1 0
zrp/handler_receiving.go:178.2,180.38 2 0
zrp/handler_receiving.go:180.38,184.29 3 0
zrp/handler_receiving.go:184.29,185.17 1 0
zrp/handler_receiving.go:185.17,187.5 1 0
zrp/handler_receiving.go:190.3,191.30 2 0
zrp/handler_receiving.go:191.30,192.40 1 0
zrp/handler_receiving.go:192.40,194.10 2 0
zrp/handler_receiving.go:197.3,197.20 1 0
zrp/handler_receiving.go:197.20,198.12 1 0
zrp/handler_receiving.go:201.3,202.17 2 0
zrp/handler_receiving.go:202.17,203.12 1 0
zrp/handler_receiving.go:206.3,211.37 6 0
zrp/handler_receiving.go:211.37,212.12 1 0
zrp/handler_receiving.go:215.3,217.29 3 0
zrp/handler_receiving.go:217.29,219.11 2 0
zrp/handler_receiving.go:220.58,221.15 1 0
zrp/handler_receiving.go:222.41,223.15 1 0
zrp/handler_receiving.go:224.83,225.15 1 0
zrp/handler_receiving.go:228.3,228.19 1 0
zrp/handler_receiving.go:228.19,230.4 1 0
zrp/handler_receiving.go:232.3,232.35 1 0
zrp/handler_receiving.go:232.35,233.26 1 0
zrp/handler_receiving.go:233.26,234.13 1 0
zrp/handler_receiving.go:236.4,237.41 2 0
zrp/handler_receiving.go:237.41,238.13 1 0
zrp/handler_receiving.go:241.4,242.40 2 0
zrp/handler_receiving.go:242.40,243.85 1 0
zrp/handler_receiving.go:243.85,245.6 1 0
zrp/handler_receiving.go:247.4,248.40 2 0
zrp/handler_receiving.go:248.40,250.5 1 0
zrp/handler_receiving.go:253.4,255.21 3 0
zrp/handler_receiving.go:255.21,256.30 1 0
zrp/handler_receiving.go:256.30,257.77 1 0
zrp/handler_receiving.go:257.77,259.12 2 0
zrp/handler_receiving.go:264.4,270.9 2 0
zrp/handler_receiving.go:274.2,274.20 1 0
zrp/handler_receiving.go:274.20,276.3 1 0
zrp/handler_receiving.go:277.2,277.22 1 0
zrp/handler_reports.go:35.77,43.16 2 0
zrp/handler_reports.go:43.16,46.3 2 0
zrp/handler_reports.go:47.2,51.18 4 0
zrp/handler_reports.go:51.18,58.42 6 0
zrp/handler_reports.go:58.42,60.4 1 0
zrp/handler_reports.go:61.3,61.62 1 0
zrp/handler_reports.go:64.2,65.31 2 0
zrp/handler_reports.go:65.31,68.28 3 0
zrp/handler_reports.go:68.28,70.4 1 0
zrp/handler_reports.go:71.3,72.45 2 0
zrp/handler_reports.go:75.2,75.42 1 0
zrp/handler_reports.go:75.42,76.154 1 0
zrp/handler_reports.go:76.154,77.36 1 0
zrp/handler_reports.go:77.36,78.32 1 0
zrp/handler_reports.go:78.32,80.6 1 0
zrp/handler_reports.go:83.3,83.9 1 0
zrp/handler_reports.go:85.2,85.21 1 0
zrp/handler_reports.go:100.67,103.16 2 0
zrp/handler_reports.go:103.16,106.3 2 0
zrp/handler_reports.go:107.2,110.18 4 0
zrp/handler_reports.go:110.18,113.75 3 0
zrp/handler_reports.go:113.75,115.4 1 0
zrp/handler_reports.go:116.3,116.27 1 0
zrp/handler_reports.go:118.2,118.18 1 0
zrp/handler_reports.go:118.18,120.3 1 0
zrp/handler_reports.go:122.2,122.42 1 0
zrp/handler_reports.go:122.42,123.138 1 0
zrp/handler_reports.go:123.138,124.28 1 0
zrp/handler_reports.go:124.28,126.5 1 0
zrp/handler_reports.go:128.3,128.9 1 0
zrp/handler_reports.go:130.2,130.20 1 0
zrp/handler_reports.go:142.71,144.45 2 0
zrp/handler_reports.go:144.45,145.79 1 0
zrp/handler_reports.go:145.79,147.4 1 0
zrp/handler_reports.go:149.2,152.16 3 0
zrp/handler_reports.go:152.16,155.3 2 0
zrp/handler_reports.go:156.2,161.18 5 0
zrp/handler_reports.go:161.18,167.45 6 0
zrp/handler_reports.go:167.45,168.78 1 0
zrp/handler_reports.go:168.78,169.81 1 0
zrp/handler_reports.go:169.81,172.6 2 0
zrp/handler_reports.go:176.2,176.20 1 0
zrp/handler_reports.go:176.20,178.3 1 0
zrp/handler_reports.go:180.2,180.42 1 0
zrp/handler_reports.go:180.42,181.115 1 0
zrp/handler_reports.go:181.115,185.43 4 0
zrp/handler_reports.go:185.43,187.5 1 0
zrp/handler_reports.go:189.3,189.9 1 0
zrp/handler_reports.go:191.2,191.21 1 0
zrp/handler_reports.go:205.67,207.16 2 0
zrp/handler_reports.go:207.16,210.3 2 0
zrp/handler_reports.go:211.2,213.18 3 0
zrp/handler_reports.go:213.18,217.29 4 0
zrp/handler_reports.go:217.29,219.4 1 0
zrp/handler_reports.go:220.3,220.28 1 0
zrp/handler_reports.go:222.2,222.18 1 0
zrp/handler_reports.go:222.18,224.3 1 0
zrp/handler_reports.go:226.2,226.42 1 0
zrp/handler_reports.go:226.42,227.147 1 0
zrp/handler_reports.go:227.147,228.29 1 0
zrp/handler_reports.go:228.29,230.5 1 0
zrp/handler_reports.go:232.3,232.9 1 0
zrp/handler_reports.go:234.2,234.20 1 0
zrp/handler_reports.go:246.69,251.16 3 0
zrp/handler_reports.go:251.16,254.3 2 0
zrp/handler_reports.go:255.2,256.18 2 0
zrp/handler_reports.go:256.18,262.3 5 0
zrp/handler_reports.go:265.2,266.16 2 0
zrp/handler_reports.go:266.16,270.20 4 0
zrp/handler_reports.go:270.20,274.17 4 0
zrp/handler_reports.go:274.17,275.67 1 0
zrp/handler_reports.go:275.67,276.69 1 0
zrp/handler_reports.go:276.69,279.7 2 0
zrp/handler_reports.go:283.3,283.16 1 0
zrp/handler_reports.go:283.16,285.4 1 0
zrp/handler_reports.go:288.2,288.42 1 0
zrp/handler_reports.go:288.42,289.80 1 0
zrp/handler_reports.go:289.80,294.40 5 0
zrp/handler_reports.go:294.40,296.5 1 0
zrp/handler_reports.go:297.4,299.42 3 0
zrp/handler_reports.go:299.42,301.5 1 0
zrp/handler_reports.go:303.3,303.9 1 0
zrp/handler_reports.go:305.2,305.21 1 0
zrp/handler_reports.go:310.37,312.20 2 0
zrp/handler_reports.go:312.20,314.3 1 0
zrp/handler_reports.go:315.2,315.16 1 0
zrp/handler_reports.go:318.36,321.24 3 0
zrp/handler_reports.go:321.24,322.15 1 0
zrp/handler_reports.go:322.15,323.21 1 0
zrp/handler_reports.go:323.21,325.5 1 0
zrp/handler_reports.go:326.4,326.16 1 0
zrp/handler_reports.go:327.9,329.4 1 0
zrp/handler_reports.go:331.2,331.19 1 0
zrp/handler_reports.go:331.19,333.3 1 0
zrp/handler_reports.go:334.2,334.15 1 0
zrp/handler_reports.go:337.96,344.2 6 0
zrp/handler_rfq.go:12.61,14.16 2 0
zrp/handler_rfq.go:14.16,17.3 2 0
zrp/handler_rfq.go:18.2,20.18 3 0
zrp/handler_rfq.go:20.18,24.3 3 0
zrp/handler_rfq.go:25.2,25.18 1 0
zrp/handler_rfq.go:25.18,27.3 1 0
zrp/handler_rfq.go:28.2,28.20 1 0
zrp/handler_rfq.go:31.70,35.16 3 0
zrp/handler_rfq.go:35.16,38.3 2 0
zrp/handler_rfq.go:41.2,42.21 2 0
zrp/handler_rfq.go:42.21,44.23 2 0
zrp/handler_rfq.go:44.23,48.4 3 0
zrp/handler_rfq.go:50.2,50.22 1 0
zrp/handler_rfq.go:50.22,52.3 1 0
zrp/handler_rfq.go:55.2,56.18 2 0
zrp/handler_rfq.go:56.18,58.20 2 0
zrp/handler_rfq.go:58.20,62.4 3 0
zrp/handler_rfq.go:64.2,64.24 1 0
zrp/handler_rfq.go:64.24,66.3 1 0
zrp/handler_rfq.go:69.2,70.18 2 0
zrp/handler_rfq.go:70.18,72.20 2 0
zrp/handler_rfq.go:72.20,76.4 3 0
zrp/handler_rfq.go:78.2,78.23 1 0
zrp/handler_rfq.go:78.23,80.3 1 0
zrp/handler_rfq.go:82.2,82.18 1 0
zrp/handler_rfq.go:85.62,87.44 2 0
zrp/handler_rfq.go:87.44,90.3 2 0
zrp/handler_rfq.go:91.2,91.21 1 0
zrp/handler_rfq.go:91.21,94.3 2 0
zrp/handler_rfq.go:95.2,104.16 8 0
zrp/handler_rfq.go:104.16,107.3 2 0
zrp/handler_rfq.go:110.2,110.30 1 0
zrp/handler_rfq.go:110.30,113.17 2 0
zrp/handler_rfq.go:113.17,117.4 3 0
zrp/handler_rfq.go:121.2,121.32 1 0
zrp/handler_rfq.go:121.32,124.17 2 0
zrp/handler_rfq.go:124.17,129.4 4 0
zrp/handler_rfq.go:132.2,134.18 3 0
zrp/handler_rfq.go:137.73,140.16 3 0
zrp/handler_rfq.go:140.16,143.3 2 0
zrp/handler_rfq.go:145.2,146.44 2 0
zrp/handler_rfq.go:146.44,149.3 2 0
zrp/handler_rfq.go:151.2,154.16 3 0
zrp/handler_rfq.go:154.16,157.3 2 0
zrp/handler_rfq.go:160.2,161.30 2 0
zrp/handler_rfq.go:161.30,164.3 1 0
zrp/handler_rfq.go:167.2,168.32 2 0
zrp/handler_rfq.go:168.32,171.3 1 0
zrp/handler_rfq.go:173.2,174.24 2 0
zrp/handler_rfq.go:177.73,179.16 2 0
zrp/handler_rfq.go:179.16,182.3 2 0
zrp/handler_rfq.go:183.2,184.12 2 0
zrp/handler_rfq.go:184.12,187.3 2 0
zrp/handler_rfq.go:188.2,192.53 5 0
zrp/handler_rfq.go:195.71,198.16 3 0
zrp/handler_rfq.go:198.16,201.3 2 0
zrp/handler_rfq.go:202.2,202.23 1 0
zrp/handler_rfq.go:202.23,205.3 2 0
zrp/handler_rfq.go:207.2,212.24 5 0
zrp/handler_rfq.go:215.72,218.16 3 0
zrp/handler_rfq.go:218.16,221.3 2 0
zrp/handler_rfq.go:223.2,226.68 2 0
zrp/handler_rfq.go:226.68,229.3 2 0
zrp/handler_rfq.go:232.2,234.16 3 0
zrp/handler_rfq.go:234.16,237.3 2 0
zrp/handler_rfq.go:239.2,257.18 8 0
zrp/handler_rfq.go:257.18,258.20 1 0
zrp/handler_rfq.go:258.20,263.4 4 0
zrp/handler_rfq.go:264.3,264.16 1 0
zrp/handler_rfq.go:266.2,266.28 1 0
zrp/handler_rfq.go:266.28,269.3 1 0
zrp/handler_rfq.go:271.2,274.19 3 0
zrp/handler_rfq.go:277.74,280.16 3 0
zrp/handler_rfq.go:280.16,283.3 2 0
zrp/handler_rfq.go:286.2,288.21 3 0
zrp/handler_rfq.go:288.21,290.23 2 0
zrp/handler_rfq.go:290.23,295.4 4 0
zrp/handler_rfq.go:299.2,301.18 3 0
zrp/handler_rfq.go:301.18,303.20 2 0
zrp/handler_rfq.go:303.20,308.4 4 0
zrp/handler_rfq.go:312.2,321.18 4 0
zrp/handler_rfq.go:321.18,323.20 2 0
zrp/handler_rfq.go:323.20,327.29 4 0
zrp/handler_rfq.go:327.29,329.5 1 0
zrp/handler_rfq.go:330.4,330.32 1 0
zrp/handler_rfq.go:334.2,339.18 2 0
zrp/handler_rfq.go:339.18,341.3 1 0
zrp/handler_rfq.go:342.2,342.20 1 0
zrp/handler_rfq.go:342.20,344.3 1 0
zrp/handler_rfq.go:345.2,345.19 1 0
zrp/handler_rfq.go:348.81,350.42 2 0
zrp/handler_rfq.go:350.42,353.3 2 0
zrp/handler_rfq.go:354.2,358.16 3 0
zrp/handler_rfq.go:358.16,361.3 2 0
zrp/handler_rfq.go:362.2,370.16 6 0
zrp/handler_rfq.go:373.97,375.42 2 0
zrp/handler_rfq.go:375.42,378.3 2 0
zrp/handler_rfq.go:380.2,382.16 2 0
zrp/handler_rfq.go:382.16,385.3 2 0
zrp/handler_rfq.go:387.2,387.53 1 0
zrp/handler_rfq.go:390.72,393.16 3 0
zrp/handler_rfq.go:393.16,396.3 2 0
zrp/handler_rfq.go:397.2,397.45 1 0
zrp/handler_rfq.go:397.45,400.3 2 0
zrp/handler_rfq.go:402.2,404.16 3 0
zrp/handler_rfq.go:404.16,407.3 2 0
zrp/handler_rfq.go:408.2,409.24 2 0
zrp/handler_rfq.go:412.65,450.16 9 0
zrp/handler_rfq.go:450.16,452.19 2 0
zrp/handler_rfq.go:452.19,456.4 3 0
zrp/handler_rfq.go:458.2,458.22 1 0
zrp/handler_rfq.go:458.22,460.3 1 0
zrp/handler_rfq.go:462.2,462.19 1 0
zrp/handler_rfq.go:465.76,469.16 3 0
zrp/handler_rfq.go:469.16,472.3 2 0
zrp/handler_rfq.go:475.2,476.21 2 0
zrp/handler_rfq.go:476.21,478.23 2 0
zrp/handler_rfq.go:478.23,482.4 3 0
zrp/handler_rfq.go:486.2,491.23 5 0
zrp/handler_rfq.go:491.23,493.3 1 0
zrp/handler_rfq.go:495.2,498.30 4 0
zrp/handler_rfq.go:498.30,500.3 1 0
zrp/handler_rfq.go:502.2,505.21 3 0
zrp/handler_rfq.go:505.21,507.3 1 0
zrp/handler_rfq.go:509.2,514.4 2 0
zrp/handler_rfq.go:517.79,520.16 3 0
zrp/handler_rfq.go:520.16,523.3 2 0
zrp/handler_rfq.go:525.2,531.70 2 0
zrp/handler_rfq.go:531.70,534.3 2 0
zrp/handler_rfq.go:536.2,540.32 3 0
zrp/handler_rfq.go:540.32,542.3 1 0
zrp/handler_rfq.go:544.2,545.45 2 0
zrp/handler_rfq.go:545.45,554.34 5 0
zrp/handler_rfq.go:554.34,563.4 5 0
zrp/handler_rfq.go:564.3,564.30 1 0
zrp/handler_rfq.go:567.2,573.4 3 0
zrp/handler_rfq.go:577.38,579.2 1 0
zrp/handler_rma.go:9.61,11.16 2 0
zrp/handler_rma.go:11.16,11.56 2 0
zrp/handler_rma.go:12.2,14.18 3 0
zrp/handler_rma.go:14.18,20.3 6 0
zrp/handler_rma.go:21.2,21.18 1 0
zrp/handler_rma.go:21.18,21.37 1 0
zrp/handler_rma.go:22.2,22.20 1 0
zrp/handler_rma.go:25.70,30.16 4 0
zrp/handler_rma.go:30.16,30.56 2 0
zrp/handler_rma.go:31.2,32.17 3 0
zrp/handler_rma.go:35.62,37.43 2 0
zrp/handler_rma.go:37.43,37.86 2 0
zrp/handler_rma.go:39.2,47.21 9 0
zrp/handler_rma.go:47.21,47.80 1 0
zrp/handler_rma.go:48.2,48.20 1 0
zrp/handler_rma.go:48.20,48.59 2 0
zrp/handler_rma.go:50.2,51.21 2 0
zrp/handler_rma.go:51.21,51.43 1 0
zrp/handler_rma.go:52.2,55.16 3 0
zrp/handler_rma.go:55.16,55.56 2 0
zrp/handler_rma.go:56.2,59.17 4 0
zrp/handler_rma.go:62.73,65.43 3 0
zrp/handler_rma.go:65.43,65.86 2 0
zrp/handler_rma.go:67.2,73.20 7 0
zrp/handler_rma.go:73.20,73.59 2 0
zrp/handler_rma.go:75.2,77.29 3 0
zrp/handler_rma.go:77.29,77.49 1 0
zrp/handler_rma.go:78.2,78.53 1 0
zrp/handler_rma.go:78.53,78.73 1 0
zrp/handler_rma.go:79.2,81.16 2 0
zrp/handler_rma.go:81.16,81.56 2 0
zrp/handler_rma.go:82.2,85.24 4 0
zrp/handler_sales_orders.go:11.68,19.18 6 0
zrp/handler_sales_orders.go:19.18,22.3 2 0
zrp/handler_sales_orders.go:23.2,23.20 1 0
zrp/handler_sales_orders.go:23.20,26.3 2 0
zrp/handler_sales_orders.go:27.2,27.25 1 0
zrp/handler_sales_orders.go:27.25,29.36 2 0
zrp/handler_sales_orders.go:29.36,31.4 1 0
zrp/handler_sales_orders.go:33.2,36.16 3 0
zrp/handler_sales_orders.go:36.16,39.3 2 0
zrp/handler_sales_orders.go:40.2,42.18 3 0
zrp/handler_sales_orders.go:42.18,46.3 3 0
zrp/handler_sales_orders.go:47.2,47.18 1 0
zrp/handler_sales_orders.go:47.18,49.3 1 0
zrp/handler_sales_orders.go:50.2,50.20 1 0
zrp/handler_sales_orders.go:53.77,57.16 3 0
zrp/handler_sales_orders.go:57.16,60.3 2 0
zrp/handler_sales_orders.go:61.2,66.18 4 0
zrp/handler_sales_orders.go:66.18,68.3 1 0
zrp/handler_sales_orders.go:69.2,71.17 3 0
zrp/handler_sales_orders.go:71.17,73.3 1 0
zrp/handler_sales_orders.go:75.2,75.16 1 0
zrp/handler_sales_orders.go:78.58,80.16 2 0
zrp/handler_sales_orders.go:80.16,82.3 1 0
zrp/handler_sales_orders.go:83.2,85.18 3 0
zrp/handler_sales_orders.go:85.18,89.3 3 0
zrp/handler_sales_orders.go:90.2,90.18 1 0
zrp/handler_sales_orders.go:90.18,92.3 1 0
zrp/handler_sales_orders.go:93.2,93.14 1 0
zrp/handler_sales_orders.go:96.69,98.42 2 0
zrp/handler_sales_orders.go:98.42,101.3 2 0
zrp/handler_sales_orders.go:103.2,105.20 3 0
zrp/handler_sales_orders.go:105.20,107.3 1 0
zrp/handler_sales_orders.go:108.2,108.28 1 0
zrp/handler_sales_orders.go:108.28,109.17 1 0
zrp/handler_sales_orders.go:109.17,111.4 1 0
zrp/handler_sales_orders.go:112.3,112.22 1 0
zrp/handler_sales_orders.go:112.22,114.4 1 0
zrp/handler_sales_orders.go:116.2,116.20 1 0
zrp/handler_sales_orders.go:116.20,119.3 2 0
zrp/handler_sales_orders.go:121.2,122.20 2 0
zrp/handler_sales_orders.go:122.20,124.3 1 0
zrp/handler_sales_orders.go:125.2,129.16 4 0
zrp/handler_sales_orders.go:129.16,132.3 2 0
zrp/handler_sales_orders.go:133.2,133.28 1 0
zrp/handler_sales_orders.go:133.28,136.3 1 0
zrp/handler_sales_orders.go:137.2,141.16 5 0
zrp/handler_sales_orders.go:144.80,146.42 2 0
zrp/handler_sales_orders.go:146.42,149.3 2 0
zrp/handler_sales_orders.go:150.2,153.16 3 0
zrp/handler_sales_orders.go:153.16,156.3 2 0
zrp/handler_sales_orders.go:157.2,158.31 2 0
zrp/handler_sales_orders.go:161.88,167.16 4 0
zrp/handler_sales_orders.go:167.16,170.3 2 0
zrp/handler_sales_orders.go:171.2,171.28 1 0
zrp/handler_sales_orders.go:171.28,174.3 2 0
zrp/handler_sales_orders.go:177.2,179.16 3 0
zrp/handler_sales_orders.go:179.16,182.3 2 0
zrp/handler_sales_orders.go:185.2,187.17 3 0
zrp/handler_sales_orders.go:187.17,189.19 2 0
zrp/handler_sales_orders.go:189.19,193.4 3 0
zrp/handler_sales_orders.go:197.2,202.16 5 0
zrp/handler_sales_orders.go:202.16,205.3 2 0
zrp/handler_sales_orders.go:207.2,207.26 1 0
zrp/handler_sales_orders.go:207.26,210.3 1 0
zrp/handler_sales_orders.go:212.2,214.36 3 0
zrp/handler_sales_orders.go:217.81,219.2 1 0
zrp/handler_sales_orders.go:221.82,224.26 2 0
zrp/handler_sales_orders.go:224.26,227.17 3 0
zrp/handler_sales_orders.go:227.17,230.4 2 0
zrp/handler_sales_orders.go:231.3,232.33 2 0
zrp/handler_sales_orders.go:232.33,235.4 2 0
zrp/handler_sales_orders.go:239.2,240.26 2 0
zrp/handler_sales_orders.go:240.26,245.3 3 0
zrp/handler_sales_orders.go:247.2,247.58 1 0
zrp/handler_sales_orders.go:250.78,253.26 3 0
zrp/handler_sales_orders.go:253.26,256.3 2 0
zrp/handler_sales_orders.go:257.2,257.55 1 0
zrp/handler_sales_orders.go:260.78,264.16 3 0
zrp/handler_sales_orders.go:264.16,267.3 2 0
zrp/handler_sales_orders.go:268.2,268.26 1 0
zrp/handler_sales_orders.go:268.26,271.3 2 0
zrp/handler_sales_orders.go:273.2,282.26 6 0
zrp/handler_sales_orders.go:282.26,292.3 4 0
zrp/handler_sales_orders.go:294.2,296.31 3 0
zrp/handler_sales_orders.go:299.81,303.16 3 0
zrp/handler_sales_orders.go:303.16,306.3 2 0
zrp/handler_sales_orders.go:307.2,307.27 1 0
zrp/handler_sales_orders.go:307.27,310.3 2 0
zrp/handler_sales_orders.go:312.2,314.26 3 0
zrp/handler_sales_orders.go:314.26,316.3 1 0
zrp/handler_sales_orders.go:317.2,327.16 8 0
zrp/handler_sales_orders.go:327.16,330.3 2 0
zrp/handler_sales_orders.go:332.2,334.31 3 0
zrp/handler_sales_orders.go:337.100,340.16 3 0
zrp/handler_sales_orders.go:340.16,343.3 2 0
zrp/handler_sales_orders.go:344.2,344.33 1 0
zrp/handler_sales_orders.go:344.33,347.3 2 0
zrp/handler_sales_orders.go:348.2,351.31 4 0
zrp/handler_scan.go:17.76,18.16 1 0
zrp/handler_scan.go:18.16,21.3 2 0
zrp/handler_scan.go:23.2,28.29 4 0
zrp/handler_scan.go:28.29,29.27 1 0
zrp/handler_scan.go:29.27,30.93 1 0
zrp/handler_scan.go:30.93,37.5 1 0
zrp/handler_scan.go:42.2,43.16 2 0
zrp/handler_scan.go:43.16,46.19 3 0
zrp/handler_scan.go:46.19,50.18 4 0
zrp/handler_scan.go:50.18,58.5 2 0
zrp/handler_scan.go:63.2,64.16 2 0
zrp/handler_scan.go:64.16,66.22 2 0
zrp/handler_scan.go:66.22,75.4 3 0
zrp/handler_scan.go:78.2,78.20 1 0
zrp/handler_scan.go:78.20,80.3 1 0
zrp/handler_scan.go:82.2,83.85 2 0
zrp/handler_search.go:10.65,13.15 3 0
zrp/handler_search.go:13.15,13.29 1 0
zrp/handler_search.go:14.2,14.13 1 0
zrp/handler_search.go:14.13,20.3 2 0
zrp/handler_search.go:22.2,27.29 4 0
zrp/handler_search.go:27.29,28.27 1 0
zrp/handler_search.go:28.27,29.34 1 0
zrp/handler_search.go:29.34,29.41 1 0
zrp/handler_search.go:30.4,30.51 1 0
zrp/handler_search.go:30.51,32.13 2 0
zrp/handler_search.go:34.4,34.31 1 0
zrp/handler_search.go:34.31,35.48 1 0
zrp/handler_search.go:35.48,37.11 2 0
zrp/handler_search.go:42.2,42.25 1 0
zrp/handler_search.go:42.25,42.65 1 0
zrp/handler_search.go:43.2,53.20 5 0
zrp/handler_search.go:53.20,55.22 2 0
zrp/handler_search.go:55.22,58.141 3 0
zrp/handler_search.go:58.141,60.27 2 0
zrp/handler_search.go:60.27,60.34 1 0
zrp/handler_search.go:64.2,64.17 1 0
zrp/handler_search.go:64.17,64.41 1 0
zrp/handler_search.go:65.2,75.19 5 0
zrp/handler_search.go:75.19,77.21 2 0
zrp/handler_search.go:77.21,80.94 3 0
zrp/handler_search.go:80.94,82.26 2 0
zrp/handler_search.go:82.26,82.33 1 0
zrp/handler_search.go:86.2,86.16 1 0
zrp/handler_search.go:86.16,86.38 1 0
zrp/handler_search.go:87.2,98.20 5 0
zrp/handler_search.go:98.20,100.22 2 0
zrp/handler_search.go:100.22,103.139 3 0
zrp/handler_search.go:103.139,105.27 2 0
zrp/handler_search.go:105.27,105.34 1 0
zrp/handler_search.go:109.2,109.17 1 0
zrp/handler_search.go:109.17,109.41 1 0
zrp/handler_search.go:110.2,120.20 5 0
zrp/handler_search.go:120.20,122.22 2 0
zrp/handler_search.go:122.22,125.95 3 0
zrp/handler_search.go:125.95,127.27 2 0
zrp/handler_search.go:127.27,127.34 1 0
zrp/handler_search.go:131.2,131.17 1 0
zrp/handler_search.go:131.17,131.41 1 0
zrp/handler_search.go:132.2,141.19 5 0
zrp/handler_search.go:141.19,143.21 2 0
zrp/handler_search.go:143.21,146.48 3 0
zrp/handler_search.go:146.48,148.26 2 0
zrp/handler_search.go:148.26,148.33 1 0
zrp/handler_search.go:152.2,152.16 1 0
zrp/handler_search.go:152.16,152.38 1 0
zrp/handler_search.go:153.2,163.18 5 0
zrp/handler_search.go:163.18,165.20 2 0
zrp/handler_search.go:165.20,168.94 3 0
zrp/handler_search.go:168.94,170.29 2 0
zrp/handler_search.go:170.29,170.36 1 0
zrp/handler_search.go:174.2,174.19 1 0
zrp/handler_search.go:174.19,174.47 1 0
zrp/handler_search.go:175.2,182.81 4 0
zrp/handler_shipments.go:10.66,12.16 2 0
zrp/handler_shipments.go:12.16,15.3 2 0
zrp/handler_shipments.go:16.2,18.18 3 0
zrp/handler_shipments.go:18.18,25.3 6 0
zrp/handler_shipments.go:26.2,26.18 1 0
zrp/handler_shipments.go:26.18,28.3 1 0
zrp/handler_shipments.go:29.2,29.20 1 0
zrp/handler_shipments.go:32.75,37.16 4 0
zrp/handler_shipments.go:37.16,40.3 2 0
zrp/handler_shipments.go:41.2,44.16 4 0
zrp/handler_shipments.go:47.57,49.16 2 0
zrp/handler_shipments.go:49.16,51.3 1 0
zrp/handler_shipments.go:52.2,54.18 3 0
zrp/handler_shipments.go:54.18,58.3 3 0
zrp/handler_shipments.go:59.2,59.18 1 0
zrp/handler_shipments.go:59.18,61.3 1 0
zrp/handler_shipments.go:62.2,62.14 1 0
zrp/handler_shipments.go:65.67,67.42 2 0
zrp/handler_shipments.go:67.42,70.3 2 0
zrp/handler_shipments.go:72.2,73.18 2 0
zrp/handler_shipments.go:73.18,73.74 1 0
zrp/handler_shipments.go:74.2,74.20 1 0
zrp/handler_shipments.go:74.20,74.83 1 0
zrp/handler_shipments.go:75.2,75.31 1 0
zrp/handler_shipments.go:75.31,76.20 1 0
zrp/handler_shipments.go:76.20,76.83 1 0
zrp/handler_shipments.go:78.2,78.20 1 0
zrp/handler_shipments.go:78.20,78.59 2 0
zrp/handler_shipments.go:80.2,81.18 2 0
zrp/handler_shipments.go:81.18,83.3 1 0
zrp/handler_shipments.go:84.2,84.20 1 0
zrp/handler_shipments.go:84.20,86.3 1 0
zrp/handler_shipments.go:87.2,91.16 4 0
zrp/handler_shipments.go:91.16,94.3 2 0
zrp/handler_shipments.go:95.2,99.31 3 0
zrp/handler_shipments.go:99.31,102.17 2 0
zrp/handler_shipments.go:102.17,105.4 2 0
zrp/handler_shipments.go:108.2,110.16 3 0
zrp/handler_shipments.go:113.78,115.42 2 0
zrp/handler_shipments.go:115.42,118.3 2 0
zrp/handler_shipments.go:119.2,122.16 3 0
zrp/handler_shipments.go:122.16,125.3 2 0
zrp/handler_shipments.go:128.2,128.20 1 0
zrp/handler_shipments.go:128.20,130.32 2 0
zrp/handler_shipments.go:130.32,133.4 1 0
zrp/handler_shipments.go:136.2,137.29 2 0
zrp/handler_shipments.go:140.76,145.45 2 0
zrp/handler_shipments.go:145.45,148.3 2 0
zrp/handler_shipments.go:151.2,153.16 3 0
zrp/handler_shipments.go:153.16,156.3 2 0
zrp/handler_shipments.go:157.2,157.50 1 0
zrp/handler_shipments.go:157.50,160.3 2 0
zrp/handler_shipments.go:162.2,165.16 3 0
zrp/handler_shipments.go:165.16,168.3 2 0
zrp/handler_shipments.go:170.2,171.29 2 0
zrp/handler_shipments.go:174.79,178.16 3 0
zrp/handler_shipments.go:178.16,181.3 2 0
zrp/handler_shipments.go:182.2,182.27 1 0
zrp/handler_shipments.go:182.27,185.3 2 0
zrp/handler_shipments.go:187.2,189.16 3 0
zrp/handler_shipments.go:189.16,192.3 2 0
zrp/handler_shipments.go:195.2,195.27 1 0
zrp/handler_shipments.go:195.27,197.30 2 0
zrp/handler_shipments.go:197.30,198.38 1 0
zrp/handler_shipments.go:198.38,202.5 2 0
zrp/handler_shipments.go:206.2,207.29 2 0
zrp/handler_shipments.go:210.80,214.31 3 0
zrp/handler_shipments.go:214.31,217.3 2 0
zrp/handler_shipments.go:219.2,232.17 6 0
zrp/handler_testing.go:9.62,11.16 2 0
zrp/handler_testing.go:11.16,11.56 2 0
zrp/handler_testing.go:12.2,14.18 3 0
zrp/handler_testing.go:14.18,18.3 3 0
zrp/handler_testing.go:19.2,19.18 1 0
zrp/handler_testing.go:19.18,19.44 1 0
zrp/handler_testing.go:20.2,20.20 1 0
zrp/handler_testing.go:23.76,25.16 2 0
zrp/handler_testing.go:25.16,25.56 2 0
zrp/handler_testing.go:26.2,28.18 3 0
zrp/handler_testing.go:28.18,32.3 3 0
zrp/handler_testing.go:33.2,33.18 1 0
zrp/handler_testing.go:33.18,33.44 1 0
zrp/handler_testing.go:34.2,34.20 1 0
zrp/handler_testing.go:37.63,39.42 2 0
zrp/handler_testing.go:39.42,39.85 2 0
zrp/handler_testing.go:40.2,43.16 3 0
zrp/handler_testing.go:43.16,43.56 2 0
zrp/handler_testing.go:44.2,49.16 6 0
zrp/handler_testing.go:52.78,54.16 2 0
zrp/handler_testing.go:54.16,58.3 2 0
zrp/handler_testing.go:59.2,62.16 3 0
zrp/handler_testing.go:62.16,66.3 2 0
zrp/handler_testing.go:67.2,67.16 1 0
zrp/handler_undo.go:26.66,30.20 3 0
zrp/handler_undo.go:31.13,32.39 1 0
zrp/handler_undo.go:33.19,34.45 1 0
zrp/handler_undo.go:35.13,36.39 1 0
zrp/handler_undo.go:37.16,38.42 1 0
zrp/handler_undo.go:39.19,40.45 1 0
zrp/handler_undo.go:41.13,42.39 1 0
zrp/handler_undo.go:43.16,44.42 1 0
zrp/handler_undo.go:45.15,46.41 1 0
zrp/handler_undo.go:47.12,48.38 1 0
zrp/handler_undo.go:49.10,50.67 1 0
zrp/handler_undo.go:53.2,53.16 1 0
zrp/handler_undo.go:53.16,55.3 1 0
zrp/handler_undo.go:56.2,57.16 2 0
zrp/handler_undo.go:57.16,59.3 1 0
zrp/handler_undo.go:60.2,60.23 1 0
zrp/handler_undo.go:64.84,66.16 2 0
zrp/handler_undo.go:66.16,68.3 1 0
zrp/handler_undo.go:69.2,78.16 4 0
zrp/handler_undo.go:78.16,80.3 1 0
zrp/handler_undo.go:81.2,81.27 1 0
zrp/handler_undo.go:85.44,86.26 1 0
zrp/handler_undo.go:87.13,88.40 1 0
zrp/handler_undo.go:89.19,90.46 1 0
zrp/handler_undo.go:91.13,92.40 1 0
zrp/handler_undo.go:93.16,94.43 1 0
zrp/handler_undo.go:95.19,96.46 1 0
zrp/handler_undo.go:97.13,98.40 1 0
zrp/handler_undo.go:99.16,100.43 1 0
zrp/handler_undo.go:101.15,102.42 1 0
zrp/handler_undo.go:103.12,104.39 1 0
zrp/handler_undo.go:105.10,106.69 1 0
zrp/handler_undo.go:112.64,114.2 1 0
zrp/handler_undo.go:116.70,118.2 1 0
zrp/handler_undo.go:120.64,122.2 1 0
zrp/handler_undo.go:124.67,126.2 1 0
zrp/handler_undo.go:128.70,130.2 1 0
zrp/handler_undo.go:132.64,134.2 1 0
zrp/handler_undo.go:136.67,138.2 1 0
zrp/handler_undo.go:140.66,142.16 2 0
zrp/handler_undo.go:142.16,144.3 1 0
zrp/handler_undo.go:146.2,147.16 2 0
zrp/handler_undo.go:147.16,149.3 1 0
zrp/handler_undo.go:150.2,150.17 1 0
zrp/handler_undo.go:153.63,155.16 2 0
zrp/handler_undo.go:155.16,157.3 1 0
zrp/handler_undo.go:159.2,160.16 2 0
zrp/handler_undo.go:160.16,162.3 1 0
zrp/handler_undo.go:163.2,163.17 1 0
zrp/handler_undo.go:167.85,169.16 2 0
zrp/handler_undo.go:169.16,171.3 1 0
zrp/handler_undo.go:172.2,175.16 3 0
zrp/handler_undo.go:175.16,177.3 1 0
zrp/handler_undo.go:179.2,179.18 1 0
zrp/handler_undo.go:179.18,181.3 1 0
zrp/handler_undo.go:183.2,185.24 3 0
zrp/handler_undo.go:185.24,187.3 1 0
zrp/handler_undo.go:188.2,188.43 1 0
zrp/handler_undo.go:188.43,190.3 1 0
zrp/handler_undo.go:192.2,193.27 2 0
zrp/handler_undo.go:193.27,195.30 2 0
zrp/handler_undo.go:195.30,197.4 1 0
zrp/handler_undo.go:197.9,199.4 1 0
zrp/handler_undo.go:201.2,201.20 1 0
zrp/handler_undo.go:205.93,207.16 2 0
zrp/handler_undo.go:207.16,209.3 1 0
zrp/handler_undo.go:210.2,213.16 3 0
zrp/handler_undo.go:213.16,215.3 1 0
zrp/handler_undo.go:217.2,218.18 2 0
zrp/handler_undo.go:218.18,221.25 3 0
zrp/handler_undo.go:221.25,223.4 1 0
zrp/handler_undo.go:224.3,224.44 1 0
zrp/handler_undo.go:224.44,226.4 1 0
zrp/handler_undo.go:227.3,228.28 2 0
zrp/handler_undo.go:228.28,230.31 2 0
zrp/handler_undo.go:230.31,232.5 1 0
zrp/handler_undo.go:232.10,234.5 1 0
zrp/handler_undo.go:236.3,236.33 1 0
zrp/handler_undo.go:238.2,238.21 1 0
zrp/handler_undo.go:243.40,245.61 2 0
zrp/handler_undo.go:245.61,247.3 1 0
zrp/handler_undo.go:248.2,255.12 2 0
zrp/handler_undo.go:258.46,260.61 2 0
zrp/handler_undo.go:260.61,262.3 1 0
zrp/handler_undo.go:263.2,269.12 2 0
zrp/handler_undo.go:272.40,274.61 2 0
zrp/handler_undo.go:274.61,276.3 1 0
zrp/handler_undo.go:277.2,284.12 2 0
zrp/handler_undo.go:287.43,289.61 2 0
zrp/handler_undo.go:289.61,291.3 1 0
zrp/handler_undo.go:292.2,298.12 2 0
zrp/handler_undo.go:301.46,303.61 2 0
zrp/handler_undo.go:303.61,305.3 1 0
zrp/handler_undo.go:306.2,312.12 2 0
zrp/handler_undo.go:315.40,317.61 2 0
zrp/handler_undo.go:317.61,319.3 1 0
zrp/handler_undo.go:320.2,326.12 2 0
zrp/handler_undo.go:329.43,331.61 2 0
zrp/handler_undo.go:331.61,333.3 1 0
zrp/handler_undo.go:334.2,340.12 2 0
zrp/handler_undo.go:343.42,345.61 2 0
zrp/handler_undo.go:345.61,347.3 1 0
zrp/handler_undo.go:348.2,354.16 2 0
zrp/handler_undo.go:354.16,356.3 1 0
zrp/handler_undo.go:358.2,358.37 1 0
zrp/handler_undo.go:358.37,359.48 1 0
zrp/handler_undo.go:359.48,360.34 1 0
zrp/handler_undo.go:360.34,361.57 1 0
zrp/handler_undo.go:361.57,368.6 1 0
zrp/handler_undo.go:372.2,372.12 1 0
zrp/handler_undo.go:375.39,377.61 2 0
zrp/handler_undo.go:377.61,379.3 1 0
zrp/handler_undo.go:380.2,386.16 2 0
zrp/handler_undo.go:386.16,388.3 1 0
zrp/handler_undo.go:390.2,390.37 1 0
zrp/handler_undo.go:390.37,391.48 1 0
zrp/handler_undo.go:391.48,392.34 1 0
zrp/handler_undo.go:392.34,393.57 1 0
zrp/handler_undo.go:393.57,400.6 1 0
zrp/handler_undo.go:404.2,404.12 1 0
zrp/handler_undo.go:409.61,413.20 4 0
zrp/handler_undo.go:413.20,414.60 1 0
zrp/handler_undo.go:414.60,416.4 1 0
zrp/handler_undo.go:419.2,425.16 2 0
zrp/handler_undo.go:425.16,428.3 2 0
zrp/handler_undo.go:429.2,432.18 3 0
zrp/handler_undo.go:432.18,436.3 3 0
zrp/handler_undo.go:437.2,437.20 1 0
zrp/handler_undo.go:437.20,439.3 1 0
zrp/handler_undo.go:440.2,440.22 1 0
zrp/handler_undo.go:443.78,445.16 2 0
zrp/handler_undo.go:445.16,448.3 2 0
zrp/handler_undo.go:450.2,457.16 4 0
zrp/handler_undo.go:457.16,460.3 2 0
zrp/handler_undo.go:462.2,462.43 1 0
zrp/handler_undo.go:462.43,465.3 2 0
zrp/handler_undo.go:468.2,477.4 3 0
zrp/handler_undo.go:481.25,482.6 1 0
zrp/handler_undo.go:482.6,485.3 2 0
zrp/handler_users.go:40.48,42.16 2 0
zrp/handler_users.go:42.16,44.3 1 0
zrp/handler_users.go:45.2,51.16 4 0
zrp/handler_users.go:51.16,53.3 1 0
zrp/handler_users.go:54.2,55.11 2 0
zrp/handler_users.go:58.69,60.14 2 0
zrp/handler_users.go:60.14,63.3 2 0
zrp/handler_users.go:64.2,64.23 1 0
zrp/handler_users.go:64.23,67.3 2 0
zrp/handler_users.go:68.2,68.10 1 0
zrp/handler_users.go:71.62,72.31 1 0
zrp/handler_users.go:72.31,74.3 1 0
zrp/handler_users.go:75.2,76.16 2 0
zrp/handler_users.go:76.16,79.3 2 0
zrp/handler_users.go:80.2,82.18 3 0
zrp/handler_users.go:82.18,85.117 3 0
zrp/handler_users.go:85.117,86.12 1 0
zrp/handler_users.go:88.3,89.27 2 0
zrp/handler_users.go:91.2,91.18 1 0
zrp/handler_users.go:91.18,93.3 1 0
zrp/handler_users.go:94.2,94.20 1 0
zrp/handler_users.go:97.63,98.31 1 0
zrp/handler_users.go:98.31,100.3 1 0
zrp/handler_users.go:101.2,102.61 2 0
zrp/handler_users.go:102.61,105.3 2 0
zrp/handler_users.go:106.2,106.46 1 0
zrp/handler_users.go:106.46,109.3 2 0
zrp/handler_users.go:111.2,116.20 6 0
zrp/handler_users.go:116.20,116.59 2 0
zrp/handler_users.go:119.2,119.63 1 0
zrp/handler_users.go:119.63,122.3 2 0
zrp/handler_users.go:124.2,125.27 2 0
zrp/handler_users.go:125.27,127.3 1 0
zrp/handler_users.go:128.2,129.16 2 0
zrp/handler_users.go:129.16,132.3 2 0
zrp/handler_users.go:133.2,135.16 2 0
zrp/handler_users.go:135.16,136.46 1 0
zrp/handler_users.go:136.46,139.4 2 0
zrp/handler_users.go:140.3,141.9 2 0
zrp/handler_users.go:143.2,149.124 4 0
zrp/handler_users.go:152.77,154.18 2 0
zrp/handler_users.go:154.18,156.3 1 0
zrp/handler_users.go:157.2,158.16 2 0
zrp/handler_users.go:158.16,161.3 2 0
zrp/handler_users.go:162.2,163.61 2 0
zrp/handler_users.go:163.61,166.3 2 0
zrp/handler_users.go:168.2,168.61 1 0
zrp/handler_users.go:168.61,171.3 2 0
zrp/handler_users.go:172.2,173.27 2 0
zrp/handler_users.go:173.27,175.3 1 0
zrp/handler_users.go:176.2,177.23 2 0
zrp/handler_users.go:177.23,179.3 1 0
zrp/handler_users.go:180.2,182.16 2 0
zrp/handler_users.go:182.16,185.3 2 0
zrp/handler_users.go:186.2,187.15 2 0
zrp/handler_users.go:187.15,190.3 2 0
zrp/handler_users.go:191.2,191.53 1 0
zrp/handler_users.go:194.77,196.18 2 0
zrp/handler_users.go:196.18,198.3 1 0
zrp/handler_users.go:199.2,200.16 2 0
zrp/handler_users.go:200.16,203.3 2 0
zrp/handler_users.go:204.2,204.20 1 0
zrp/handler_users.go:204.20,207.3 2 0
zrp/handler_users.go:208.2,209.16 2 0
zrp/handler_users.go:209.16,212.3 2 0
zrp/handler_users.go:213.2,214.12 2 0
zrp/handler_users.go:214.12,217.3 2 0
zrp/handler_users.go:219.2,220.53 2 0
zrp/handler_users.go:223.80,224.31 1 0
zrp/handler_users.go:224.31,226.3 1 0
zrp/handler_users.go:227.2,228.16 2 0
zrp/handler_users.go:228.16,231.3 2 0
zrp/handler_users.go:232.2,233.61 2 0
zrp/handler_users.go:233.61,236.3 2 0
zrp/handler_users.go:237.2,237.24 1 0
zrp/handler_users.go:237.24,240.3 2 0
zrp/handler_users.go:241.2,242.16 2 0
zrp/handler_users.go:242.16,245.3 2 0
zrp/handler_users.go:246.2,247.16 2 0
zrp/handler_users.go:247.16,250.3 2 0
zrp/handler_users.go:251.2,252.15 2 0
zrp/handler_users.go:252.15,255.3 2 0
zrp/handler_users.go:256.2,256.60 1 0
zrp/handler_vendors.go:8.64,9.15 1 0
zrp/handler_vendors.go:9.15,12.3 2 0
zrp/handler_vendors.go:13.2,14.16 2 0
zrp/handler_vendors.go:14.16,17.3 2 0
zrp/handler_vendors.go:18.2,20.18 3 0
zrp/handler_vendors.go:20.18,24.3 3 0
zrp/handler_vendors.go:25.2,25.18 1 0
zrp/handler_vendors.go:25.18,25.40 1 0
zrp/handler_vendors.go:26.2,26.20 1 0
zrp/handler_vendors.go:29.73,30.15 1 0
zrp/handler_vendors.go:30.15,33.3 2 0
zrp/handler_vendors.go:34.2,37.16 3 0
zrp/handler_vendors.go:37.16,40.3 2 0
zrp/handler_vendors.go:41.2,41.16 1 0
zrp/handler_vendors.go:44.65,45.15 1 0
zrp/handler_vendors.go:45.15,48.3 2 0
zrp/handler_vendors.go:49.2,50.42 2 0
zrp/handler_vendors.go:50.42,53.3 2 0
zrp/handler_vendors.go:55.2,63.20 9 0
zrp/handler_vendors.go:63.20,63.81 1 0
zrp/handler_vendors.go:64.2,64.24 1 0
zrp/handler_vendors.go:64.24,64.76 1 0
zrp/handler_vendors.go:65.2,66.20 2 0
zrp/handler_vendors.go:66.20,66.59 2 0
zrp/handler_vendors.go:68.2,71.20 4 0
zrp/handler_vendors.go:71.20,71.43 1 0
zrp/handler_vendors.go:72.2,74.16 2 0
zrp/handler_vendors.go:74.16,77.3 2 0
zrp/handler_vendors.go:78.2,80.16 3 0
zrp/handler_vendors.go:83.76,88.42 3 0
zrp/handler_vendors.go:88.42,91.3 2 0
zrp/handler_vendors.go:93.2,100.20 8 0
zrp/handler_vendors.go:100.20,100.59 2 0
zrp/handler_vendors.go:102.2,104.16 2 0
zrp/handler_vendors.go:104.16,107.3 2 0
zrp/handler_vendors.go:108.2,111.27 4 0
zrp/handler_vendors.go:114.76,118.17 3 0
zrp/handler_vendors.go:118.17,121.3 2 0
zrp/handler_vendors.go:122.2,124.18 3 0
zrp/handler_vendors.go:124.18,127.3 2 0
zrp/handler_vendors.go:130.2,134.16 4 0
zrp/handler_vendors.go:134.16,137.3 2 0
zrp/handler_vendors.go:138.2,141.16 4 0
zrp/handler_vendors.go:141.16,143.3 1 0
zrp/handler_vendors.go:144.2,144.18 1 0
zrp/handler_vendors.go:144.18,146.3 1 0
zrp/handler_vendors.go:147.2,147.19 1 0
zrp/handler_widgets.go:16.72,18.16 2 0
zrp/handler_widgets.go:18.16,21.3 2 0
zrp/handler_widgets.go:22.2,24.18 3 0
zrp/handler_widgets.go:24.18,28.3 3 0
zrp/handler_widgets.go:29.2,29.20 1 0
zrp/handler_widgets.go:29.20,31.3 1 0
zrp/handler_widgets.go:32.2,32.22 1 0
zrp/handler_widgets.go:35.75,41.65 2 0
zrp/handler_widgets.go:41.65,44.3 2 0
zrp/handler_widgets.go:45.2,45.28 1 0
zrp/handler_widgets.go:45.28,48.3 1 0
zrp/handler_widgets.go:49.2,50.33 2 0
zrp/handler_workorders.go:12.67,14.16 2 0
zrp/handler_workorders.go:14.16,17.3 2 0
zrp/handler_workorders.go:18.2,20.18 3 0
zrp/handler_workorders.go:20.18,26.20 7 0
zrp/handler_workorders.go:26.20,26.70 2 0
zrp/handler_workorders.go:27.3,27.21 1 0
zrp/handler_workorders.go:27.21,27.75 2 0
zrp/handler_workorders.go:28.3,28.28 1 0
zrp/handler_workorders.go:30.2,30.18 1 0
zrp/handler_workorders.go:30.18,30.43 1 0
zrp/handler_workorders.go:31.2,31.20 1 0
zrp/handler_workorders.go:34.76,40.16 5 0
zrp/handler_workorders.go:40.16,43.3 2 0
zrp/handler_workorders.go:44.2,45.19 3 0
zrp/handler_workorders.go:45.19,45.69 2 0
zrp/handler_workorders.go:46.2,46.20 1 0
zrp/handler_workorders.go:46.20,46.74 2 0
zrp/handler_workorders.go:47.2,47.17 1 0
zrp/handler_workorders.go:50.68,52.43 2 0
zrp/handler_workorders.go:52.43,55.3 2 0
zrp/handler_workorders.go:57.2,61.21 5 0
zrp/handler_workorders.go:61.21,61.79 1 0
zrp/handler_workorders.go:62.2,62.23 1 0
zrp/handler_workorders.go:62.23,62.87 1 0
zrp/handler_workorders.go:63.2,63.16 1 0
zrp/handler_workorders.go:63.16,63.57 1 0
zrp/handler_workorders.go:64.2,65.20 2 0
zrp/handler_workorders.go:65.20,65.59 2 0
zrp/handler_workorders.go:67.2,68.21 2 0
zrp/handler_workorders.go:68.21,68.43 1 0
zrp/handler_workorders.go:69.2,69.23 1 0
zrp/handler_workorders.go:69.23,69.49 1 0
zrp/handler_workorders.go:70.2,70.17 1 0
zrp/handler_workorders.go:70.17,70.31 1 0
zrp/handler_workorders.go:71.2,74.16 3 0
zrp/handler_workorders.go:74.16,77.3 2 0
zrp/handler_workorders.go:78.2,81.17 4 0
zrp/handler_workorders.go:84.79,87.43 3 0
zrp/handler_workorders.go:87.43,90.3 2 0
zrp/handler_workorders.go:93.2,98.16 5 0
zrp/handler_workorders.go:98.16,101.3 2 0
zrp/handler_workorders.go:103.2,103.19 1 0
zrp/handler_workorders.go:103.19,103.76 2 0
zrp/handler_workorders.go:104.2,104.20 1 0
zrp/handler_workorders.go:104.20,104.81 2 0
zrp/handler_workorders.go:107.2,110.21 4 0
zrp/handler_workorders.go:110.21,113.60 2 0
zrp/handler_workorders.go:113.60,115.4 1 0
zrp/handler_workorders.go:117.2,117.23 1 0
zrp/handler_workorders.go:117.23,117.87 1 0
zrp/handler_workorders.go:118.2,118.16 1 0
zrp/handler_workorders.go:118.16,118.57 1 0
zrp/handler_workorders.go:119.2,119.42 1 0
zrp/handler_workorders.go:119.42,119.88 1 0
zrp/handler_workorders.go:120.2,120.44 1 0
zrp/handler_workorders.go:120.44,120.91 1 0
zrp/handler_workorders.go:121.2,121.20 1 0
zrp/handler_workorders.go:121.20,121.59 2 0
zrp/handler_workorders.go:123.2,127.16 3 0
zrp/handler_workorders.go:127.16,130.3 2 0
zrp/handler_workorders.go:131.2,136.16 3 0
zrp/handler_workorders.go:136.16,139.3 2 0
zrp/handler_workorders.go:142.2,142.65 1 0
zrp/handler_workorders.go:142.65,144.17 2 0
zrp/handler_workorders.go:144.17,147.4 2 0
zrp/handler_workorders.go:151.2,151.65 1 0
zrp/handler_workorders.go:151.65,153.17 2 0
zrp/handler_workorders.go:153.17,156.4 2 0
zrp/handler_workorders.go:159.2,159.35 1 0
zrp/handler_workorders.go:159.35,162.3 2 0
zrp/handler_workorders.go:164.2,168.30 5 0
zrp/handler_workorders.go:171.52,183.13 3 0
zrp/handler_workorders.go:183.13,185.3 1 0
zrp/handler_workorders.go:187.2,187.38 1 0
zrp/handler_workorders.go:187.38,188.18 1 0
zrp/handler_workorders.go:188.18,190.4 1 0
zrp/handler_workorders.go:192.2,192.14 1 0
zrp/handler_workorders.go:195.102,202.16 3 0
zrp/handler_workorders.go:202.16,204.3 1 0
zrp/handler_workorders.go:207.2,209.16 2 0
zrp/handler_workorders.go:209.16,211.3 1 0
zrp/handler_workorders.go:214.2,216.16 2 0
zrp/handler_workorders.go:216.16,218.3 1 0
zrp/handler_workorders.go:221.2,222.16 2 0
zrp/handler_workorders.go:222.16,224.3 1 0
zrp/handler_workorders.go:225.2,227.18 2 0
zrp/handler_workorders.go:227.18,230.52 3 0
zrp/handler_workorders.go:230.52,231.12 1 0
zrp/handler_workorders.go:237.3,242.17 3 0
zrp/handler_workorders.go:242.17,244.4 1 0
zrp/handler_workorders.go:247.3,249.17 2 0
zrp/handler_workorders.go:249.17,251.4 1 0
zrp/handler_workorders.go:254.2,254.12 1 0
zrp/handler_workorders.go:257.65,264.16 3 0
zrp/handler_workorders.go:264.16,266.3 1 0
zrp/handler_workorders.go:267.2,269.18 2 0
zrp/handler_workorders.go:269.18,272.52 3 0
zrp/handler_workorders.go:272.52,273.12 1 0
zrp/handler_workorders.go:277.3,279.17 2 0
zrp/handler_workorders.go:279.17,281.4 1 0
zrp/handler_workorders.go:284.3,286.17 2 0
zrp/handler_workorders.go:286.17,288.4 1 0
zrp/handler_workorders.go:291.2,291.12 1 0
zrp/handler_workorders.go:294.76,298.16 4 0
zrp/handler_workorders.go:298.16,298.56 2 0
zrp/handler_workorders.go:300.2,316.17 4 0
zrp/handler_workorders.go:316.17,318.19 2 0
zrp/handler_workorders.go:318.19,323.23 5 0
zrp/handler_workorders.go:323.23,323.42 1 0
zrp/handler_workorders.go:324.4,324.38 1 0
zrp/handler_workorders.go:324.38,326.5 1 0
zrp/handler_workorders.go:326.10,326.31 1 0
zrp/handler_workorders.go:326.31,328.5 1 0
zrp/handler_workorders.go:328.10,330.5 1 0
zrp/handler_workorders.go:331.4,332.18 2 0
zrp/handler_workorders.go:332.18,333.30 1 0
zrp/handler_workorders.go:333.30,334.77 1 0
zrp/handler_workorders.go:334.77,336.12 2 0
zrp/handler_workorders.go:340.4,340.25 1 0
zrp/handler_workorders.go:343.2,343.16 1 0
zrp/handler_workorders.go:343.16,343.37 1 0
zrp/handler_workorders.go:344.2,344.103 1 0
zrp/handler_workorders.go:347.76,352.16 4 0
zrp/handler_workorders.go:352.16,355.3 2 0
zrp/handler_workorders.go:356.2,376.17 6 0
zrp/handler_workorders.go:376.17,378.19 2 0
zrp/handler_workorders.go:378.19,383.19 5 0
zrp/handler_workorders.go:383.19,384.30 1 0
zrp/handler_workorders.go:384.30,386.45 2 0
zrp/handler_workorders.go:386.45,388.7 1 0
zrp/handler_workorders.go:388.12,388.28 1 0
zrp/handler_workorders.go:388.28,390.7 1 0
zrp/handler_workorders.go:390.12,390.52 1 0
zrp/handler_workorders.go:390.52,392.7 1 0
zrp/handler_workorders.go:392.12,392.71 1 0
zrp/handler_workorders.go:392.71,394.7 1 0
zrp/handler_workorders.go:397.4,397.25 1 0
zrp/handler_workorders.go:401.2,402.73 2 0
zrp/handler_workorders.go:402.73,403.28 1 0
zrp/handler_workorders.go:403.28,404.75 1 0
zrp/handler_workorders.go:404.75,406.10 2 0
zrp/handler_workorders.go:411.2,412.25 2 0
zrp/handler_workorders.go:412.25,415.3 1 0
zrp/handler_workorders.go:416.2,416.19 1 0
zrp/handler_workorders.go:416.19,418.3 1 0
zrp/handler_workorders.go:420.2,421.20 2 0
zrp/handler_workorders.go:421.20,423.3 1 0
zrp/handler_workorders.go:425.2,492.29 6 0
zrp/handler_workorders.go:495.76,501.16 5 0
zrp/handler_workorders.go:501.16,504.3 2 0
zrp/handler_workorders.go:507.2,507.52 1 0
zrp/handler_workorders.go:507.52,510.3 2 0
zrp/handler_workorders.go:513.2,524.16 3 0
zrp/handler_workorders.go:524.16,527.3 2 0
zrp/handler_workorders.go:529.2,536.18 3 0
zrp/handler_workorders.go:536.18,539.17 3 0
zrp/handler_workorders.go:539.17,540.12 1 0
zrp/handler_workorders.go:542.3,542.38 1 0
zrp/handler_workorders.go:544.2,549.16 4 0
zrp/handler_workorders.go:549.16,552.3 2 0
zrp/handler_workorders.go:553.2,556.33 2 0
zrp/handler_workorders.go:556.33,564.35 7 0
zrp/handler_workorders.go:564.35,570.18 4 0
zrp/handler_workorders.go:570.18,573.5 2 0
zrp/handler_workorders.go:574.9,574.27 1 0
zrp/handler_workorders.go:574.27,580.18 4 0
zrp/handler_workorders.go:580.18,583.5 2 0
zrp/handler_workorders.go:584.9,586.4 1 0
zrp/handler_workorders.go:588.3,588.42 1 0
zrp/handler_workorders.go:594.2,596.16 3 0
zrp/handler_workorders.go:596.16,599.3 2 0
zrp/handler_workorders.go:601.2,601.35 1 0
zrp/handler_workorders.go:601.35,604.3 2 0
zrp/handler_workorders.go:607.2,614.4 2 0
zrp/handler_workorders.go:617.80,621.16 3 0
zrp/handler_workorders.go:621.16,624.3 2 0
zrp/handler_workorders.go:626.2,627.16 2 0
zrp/handler_workorders.go:627.16,630.3 2 0
zrp/handler_workorders.go:631.2,634.18 3 0
zrp/handler_workorders.go:634.18,637.17 3 0
zrp/handler_workorders.go:637.17,638.12 1 0
zrp/handler_workorders.go:640.3,640.36 1 0
zrp/handler_workorders.go:643.2,643.20 1 0
zrp/handler_workorders.go:643.20,645.3 1 0
zrp/handler_workorders.go:647.2,647.22 1 0
zrp/handler_workorders.go:650.82,655.16 4 0
zrp/handler_workorders.go:655.16,658.3 2 0
zrp/handler_workorders.go:661.2,661.56 1 0
zrp/handler_workorders.go:661.56,664.3 2 0
zrp/handler_workorders.go:666.2,667.47 2 0
zrp/handler_workorders.go:667.47,670.3 2 0
zrp/handler_workorders.go:672.2,673.31 2 0
zrp/handler_workorders.go:673.31,676.3 1 0
zrp/handler_workorders.go:679.2,681.15 3 0
zrp/handler_workorders.go:681.15,683.3 1 0
zrp/handler_workorders.go:685.2,685.20 1 0
zrp/handler_workorders.go:685.20,688.3 2 0
zrp/handler_workorders.go:690.2,691.25 2 0
zrp/handler_workorders.go:691.25,693.3 1 0
zrp/handler_workorders.go:695.2,697.16 2 0
zrp/handler_workorders.go:697.16,700.3 2 0
zrp/handler_workorders.go:702.2,707.16 3 0
zrp/handler_workorders.go:707.16,710.3 2 0
zrp/handler_workorders.go:712.2,712.21 1 0
zrp/handler_workorders.go:715.54,718.21 2 0
zrp/handler_workorders.go:718.21,720.3 1 0
zrp/handler_workorders.go:721.2,722.64 2 0
zrp/main.go:21.13,33.23 10 0
zrp/main.go:33.23,35.3 1 0
zrp/main.go:36.2,37.24 2 0
zrp/main.go:37.24,39.3 1 0
zrp/main.go:41.2,41.40 1 0
zrp/main.go:41.40,43.3 1 0
zrp/main.go:44.2,51.47 5 0
zrp/main.go:51.47,53.3 1 0
zrp/main.go:56.2,62.12 3 0
zrp/main.go:62.12,66.7 4 0
zrp/main.go:66.7,70.4 3 0
zrp/main.go:73.2,79.73 3 0
zrp/main.go:79.73,81.21 2 0
zrp/main.go:81.21,84.4 2 0
zrp/main.go:85.3,85.34 1 0
zrp/main.go:89.2,89.77 1 0
zrp/main.go:89.77,90.25 1 0
zrp/main.go:90.25,92.4 1 0
zrp/main.go:92.9,94.4 1 0
zrp/main.go:96.2,96.78 1 0
zrp/main.go:96.78,97.25 1 0
zrp/main.go:97.25,99.4 1 0
zrp/main.go:99.9,101.4 1 0
zrp/main.go:103.2,103.74 1 0
zrp/main.go:103.74,105.3 1 0
zrp/main.go:106.2,106.87 1 0
zrp/main.go:106.87,107.25 1 0
zrp/main.go:107.25,109.4 1 0
zrp/main.go:109.9,111.4 1 0
zrp/main.go:115.2,115.74 1 0
zrp/main.go:115.74,121.10 5 0
zrp/main.go:123.69,124.28 1 0
zrp/main.go:127.77,128.71 1 0
zrp/main.go:129.81,130.72 1 0
zrp/main.go:131.75,132.73 1 0
zrp/main.go:135.77,136.73 1 0
zrp/main.go:137.78,138.72 1 0
zrp/main.go:139.80,140.74 1 0
zrp/main.go:143.67,144.36 1 0
zrp/main.go:147.49,148.25 1 0
zrp/main.go:149.56,150.31 1 0
zrp/main.go:151.58,152.30 1 0
zrp/main.go:153.57,154.38 1 0
zrp/main.go:155.57,156.35 1 0
zrp/main.go:159.68,160.25 1 0
zrp/main.go:160.25,162.5 1 0
zrp/main.go:163.92,164.27 1 0
zrp/main.go:165.118,166.30 1 0
zrp/main.go:167.94,168.30 1 0
zrp/main.go:171.92,172.27 1 0
zrp/main.go:173.68,174.25 1 0
zrp/main.go:175.69,176.26 1 0
zrp/main.go:177.96,178.30 1 0
zrp/main.go:179.95,180.24 1 0
zrp/main.go:181.68,182.33 1 0
zrp/main.go:183.89,184.33 1 0
zrp/main.go:185.90,186.34 1 0
zrp/main.go:187.96,188.35 1 0
zrp/main.go:189.94,190.43 1 0
zrp/main.go:191.93,192.41 1 0
zrp/main.go:193.122,194.46 1 0
zrp/main.go:195.96,196.52 1 0
zrp/main.go:197.68,198.36 1 0
zrp/main.go:199.71,200.36 1 0
zrp/main.go:201.92,202.25 1 0
zrp/main.go:203.116,204.31 1 0
zrp/main.go:207.75,208.34 1 0
zrp/main.go:211.74,212.30 1 0
zrp/main.go:213.73,214.30 1 0
zrp/main.go:215.99,216.35 1 0
zrp/main.go:217.101,218.48 1 0
zrp/main.go:221.71,222.24 1 0
zrp/main.go:225.91,226.26 1 0
zrp/main.go:227.91,228.24 1 0
zrp/main.go:229.115,230.30 1 0
zrp/main.go:231.67,232.24 1 0
zrp/main.go:233.68,234.25 1 0
zrp/main.go:235.67,236.32 1 0
zrp/main.go:237.67,238.35 1 0
zrp/main.go:239.93,240.36 1 0
zrp/main.go:241.95,242.38 1 0
zrp/main.go:243.97,244.44 1 0
zrp/main.go:245.94,246.42 1 0
zrp/main.go:247.95,248.43 1 0
zrp/main.go:249.94,250.50 1 0
zrp/main.go:253.67,254.24 1 0
zrp/main.go:255.68,256.25 1 0
zrp/main.go:257.67,258.32 1 0
zrp/main.go:259.67,260.35 1 0
zrp/main.go:261.93,262.36 1 0
zrp/main.go:263.93,264.41 1 0
zrp/main.go:265.93,266.49 1 0
zrp/main.go:267.89,268.33 1 0
zrp/main.go:269.93,270.36 1 0
zrp/main.go:271.92,272.45 1 0
zrp/main.go:273.90,274.38 1 0
zrp/main.go:275.90,276.40 1 0
zrp/main.go:279.94,280.29 1 0
zrp/main.go:281.70,282.27 1 0
zrp/main.go:283.71,284.28 1 0
zrp/main.go:285.70,286.35 1 0
zrp/main.go:287.70,288.38 1 0
zrp/main.go:289.73,290.38 1 0
zrp/main.go:293.96,294.31 1 0
zrp/main.go:295.95,296.29 1 0
zrp/main.go:297.104,298.35 1 0
zrp/main.go:299.102,300.35 1 0
zrp/main.go:301.72,302.29 1 0
zrp/main.go:303.99,304.33 1 0
zrp/main.go:305.72,306.38 1 0
zrp/main.go:307.97,308.42 1 0
zrp/main.go:311.66,312.23 1 0
zrp/main.go:313.67,314.24 1 0
zrp/main.go:315.129,316.32 1 0
zrp/main.go:317.66,318.31 1 0
zrp/main.go:319.66,320.34 1 0
zrp/main.go:321.92,322.35 1 0
zrp/main.go:323.90,324.34 1 0
zrp/main.go:327.72,328.29 1 0
zrp/main.go:329.98,330.42 1 0
zrp/main.go:333.97,334.32 1 0
zrp/main.go:335.96,336.30 1 0
zrp/main.go:337.103,338.36 1 0
zrp/main.go:339.73,340.30 1 0
zrp/main.go:341.74,342.31 1 0
zrp/main.go:343.73,344.38 1 0
zrp/main.go:345.73,346.41 1 0
zrp/main.go:347.94,348.38 1 0
zrp/main.go:349.94,350.38 1 0
zrp/main.go:353.68,354.25 1 0
zrp/main.go:355.69,356.26 1 0
zrp/main.go:357.68,358.37 1 0
zrp/main.go:361.90,362.24 1 0
zrp/main.go:363.67,364.24 1 0
zrp/main.go:365.68,366.25 1 0
zrp/main.go:367.67,368.32 1 0
zrp/main.go:369.67,370.35 1 0
zrp/main.go:371.97,372.43 1 0
zrp/main.go:373.96,374.42 1 0
zrp/main.go:377.93,378.27 1 0
zrp/main.go:379.100,380.33 1 0
zrp/main.go:381.94,382.29 1 0
zrp/main.go:383.95,384.29 1 0
zrp/main.go:385.70,386.27 1 0
zrp/main.go:387.71,388.28 1 0
zrp/main.go:389.70,390.35 1 0
zrp/main.go:391.70,392.38 1 0
zrp/main.go:393.95,394.39 1 0
zrp/main.go:397.72,398.29 1 0
zrp/main.go:399.73,400.30 1 0
zrp/main.go:401.72,402.37 1 0
zrp/main.go:403.72,404.40 1 0
zrp/main.go:405.97,406.40 1 0
zrp/main.go:407.98,408.42 1 0
zrp/main.go:409.96,410.40 1 0
zrp/main.go:411.97,412.41 1 0
zrp/main.go:413.120,414.54 1 0
zrp/main.go:417.71,418.29 1 0
zrp/main.go:419.72,420.30 1 0
zrp/main.go:421.71,422.37 1 0
zrp/main.go:423.71,424.40 1 0
zrp/main.go:425.96,426.41 1 0
zrp/main.go:429.72,430.29 1 0
zrp/main.go:431.73,432.30 1 0
zrp/main.go:433.72,434.37 1 0
zrp/main.go:435.72,436.40 1 0
zrp/main.go:437.95,438.38 1 0
zrp/main.go:439.98,440.41 1 0
zrp/main.go:441.99,442.42 1 0
zrp/main.go:445.95,446.29 1 0
zrp/main.go:447.68,448.25 1 0
zrp/main.go:449.69,450.26 1 0
zrp/main.go:451.68,452.33 1 0
zrp/main.go:453.68,454.36 1 0
zrp/main.go:457.90,458.24 1 0
zrp/main.go:459.67,460.24 1 0
zrp/main.go:461.68,462.25 1 0
zrp/main.go:463.67,464.32 1 0
zrp/main.go:465.67,466.35 1 0
zrp/main.go:469.69,470.26 1 0
zrp/main.go:471.70,472.27 1 0
zrp/main.go:473.69,474.34 1 0
zrp/main.go:475.69,476.37 1 0
zrp/main.go:477.90,478.34 1 0
zrp/main.go:479.91,480.35 1 0
zrp/main.go:483.98,484.27 1 0
zrp/main.go:485.99,486.28 1 0
zrp/main.go:487.101,488.38 1 0
zrp/main.go:489.98,490.38 1 0
zrp/main.go:491.123,492.38 1 0
zrp/main.go:495.68,496.25 1 0
zrp/main.go:497.69,498.26 1 0
zrp/main.go:499.68,500.36 1 0
zrp/main.go:501.71,502.36 1 0
zrp/main.go:503.94,504.39 1 0
zrp/main.go:507.74,508.31 1 0
zrp/main.go:509.99,510.27 1 0
zrp/main.go:511.94,512.29 1 0
zrp/main.go:513.119,514.40 1 0
zrp/main.go:517.97,518.34 1 0
zrp/main.go:519.98,520.40 1 0
zrp/main.go:521.97,522.39 1 0
zrp/main.go:523.98,524.34 1 0
zrp/main.go:527.75,528.73 1 0
zrp/main.go:529.74,530.72 1 0
zrp/main.go:531.100,532.78 1 0
zrp/main.go:532.78,534.5 1 0
zrp/main.go:535.77,536.78 1 0
zrp/main.go:536.78,538.5 1 0
zrp/main.go:541.87,542.36 1 0
zrp/main.go:543.92,544.36 1 0
zrp/main.go:545.70,546.27 1 0
zrp/main.go:547.72,548.37 1 0
zrp/main.go:551.92,552.30 1 0
zrp/main.go:553.92,554.33 1 0
zrp/main.go:555.91,556.25 1 0
zrp/main.go:557.99,558.37 1 0
zrp/main.go:559.99,560.40 1 0
zrp/main.go:561.72,562.28 1 0
zrp/main.go:565.96,566.34 1 0
zrp/main.go:567.96,568.34 1 0
zrp/main.go:571.95,572.31 1 0
zrp/main.go:573.95,574.34 1 0
zrp/main.go:577.97,578.34 1 0
zrp/main.go:579.97,580.34 1 0
zrp/main.go:583.95,584.37 1 0
zrp/main.go:587.96,588.38 1 0
zrp/main.go:591.100,592.42 1 0
zrp/main.go:595.97,596.37 1 0
zrp/main.go:597.96,598.36 1 0
zrp/main.go:599.101,600.38 1 0
zrp/main.go:603.94,604.30 1 0
zrp/main.go:605.94,606.33 1 0
zrp/main.go:607.117,608.25 1 0
zrp/main.go:611.69,612.22 1 0
zrp/main.go:615.86,616.40 1 0
zrp/main.go:617.76,618.30 1 0
zrp/main.go:619.80,620.34 1 0
zrp/main.go:621.76,622.30 1 0
zrp/main.go:623.78,624.32 1 0
zrp/main.go:627.76,628.33 1 0
zrp/main.go:629.99,630.46 1 0
zrp/main.go:631.105,632.42 1 0
zrp/main.go:633.105,634.45 1 0
zrp/main.go:635.105,636.60 1 0
zrp/main.go:637.99,638.37 1 0
zrp/main.go:641.67,642.24 1 0
zrp/main.go:643.68,644.25 1 0
zrp/main.go:645.67,646.32 1 0
zrp/main.go:647.67,648.35 1 0
zrp/main.go:649.70,650.35 1 0
zrp/main.go:651.90,652.33 1 0
zrp/main.go:653.91,654.34 1 0
zrp/main.go:655.92,656.36 1 0
zrp/main.go:657.92,658.40 1 0
zrp/main.go:659.91,660.50 1 0
zrp/main.go:661.91,662.34 1 0
zrp/main.go:663.90,664.38 1 0
zrp/main.go:665.97,666.41 1 0
zrp/main.go:667.76,668.28 1 0
zrp/main.go:671.70,672.34 1 0
zrp/main.go:673.71,674.36 1 0
zrp/main.go:675.96,676.32 1 0
zrp/main.go:677.97,678.34 1 0
zrp/main.go:679.100,680.40 1 0
zrp/main.go:681.95,682.47 1 0
zrp/main.go:683.70,684.43 1 0
zrp/main.go:685.70,686.46 1 0
zrp/main.go:687.73,688.46 1 0
zrp/main.go:691.94,692.29 1 0
zrp/main.go:693.71,694.36 1 0
zrp/main.go:697.67,698.24 1 0
zrp/main.go:699.68,700.37 1 0
zrp/main.go:703.93,704.28 1 0
zrp/main.go:705.93,706.27 1 0
zrp/main.go:707.93,708.40 1 0
zrp/main.go:709.96,710.38 1 0
zrp/main.go:711.94,712.29 1 0
zrp/main.go:715.76,716.32 1 0
zrp/main.go:717.77,718.33 1 0
zrp/main.go:719.76,720.40 1 0
zrp/main.go:721.76,722.43 1 0
zrp/main.go:723.79,724.43 1 0
zrp/main.go:725.105,726.46 1 0
zrp/main.go:729.75,730.31 1 0
zrp/main.go:731.76,732.32 1 0
zrp/main.go:733.75,734.39 1 0
zrp/main.go:735.75,736.42 1 0
zrp/main.go:737.101,738.43 1 0
zrp/main.go:739.102,740.44 1 0
zrp/main.go:741.98,742.40 1 0
zrp/main.go:743.98,744.40 1 0
zrp/main.go:745.108,746.53 1 0
zrp/main.go:749.71,750.28 1 0
zrp/main.go:751.72,752.29 1 0
zrp/main.go:753.71,754.36 1 0
zrp/main.go:755.71,756.39 1 0
zrp/main.go:757.94,758.37 1 0
zrp/main.go:759.99,760.41 1 0
zrp/main.go:761.92,762.44 1 0
zrp/main.go:764.11,766.70 2 0
zrp/main.go:771.2,775.67 4 0
zrp/main.go:775.67,778.18 2 0
zrp/main.go:778.18,780.105 1 0
zrp/main.go:780.105,783.107 1 0
zrp/main.go:783.107,786.6 1 0
zrp/main.go:786.11,789.6 1 0
zrp/main.go:790.5,791.11 2 0
zrp/main.go:796.3,797.50 2 0
zrp/main.go:801.2,802.75 2 0
zrp/main.go:802.75,805.3 2 0
zrp/main.go:807.2,811.44 4 0
zrp/main.go:814.59,816.2 1 0
zrp/main.go:818.56,820.2 1 0
zrp/main.go:822.84,824.2 1 0
zrp/main.go:826.59,829.2 2 0
zrp/main.go:831.55,833.2 1 0
zrp/market_pricing.go:61.72,63.2 1 0
zrp/market_pricing.go:65.39,65.59 1 0
zrp/market_pricing.go:69.52,74.16 3 0
zrp/market_pricing.go:74.16,76.3 1 0
zrp/market_pricing.go:77.2,80.16 3 0
zrp/market_pricing.go:80.16,82.3 1 0
zrp/market_pricing.go:83.2,85.28 2 0
zrp/market_pricing.go:85.28,88.3 2 0
zrp/market_pricing.go:90.2,94.70 2 0
zrp/market_pricing.go:94.70,96.3 1 0
zrp/market_pricing.go:97.2,97.35 1 0
zrp/market_pricing.go:100.75,102.16 2 0
zrp/market_pricing.go:102.16,104.3 1 0
zrp/market_pricing.go:107.2,125.16 3 0
zrp/market_pricing.go:125.16,127.3 1 0
zrp/market_pricing.go:128.2,133.16 5 0
zrp/market_pricing.go:133.16,135.3 1 0
zrp/market_pricing.go:136.2,140.28 3 0
zrp/market_pricing.go:140.28,142.3 1 0
zrp/market_pricing.go:143.2,143.28 1 0
zrp/market_pricing.go:143.28,145.3 1 0
zrp/market_pricing.go:148.2,167.58 2 0
zrp/market_pricing.go:167.58,169.3 1 0
zrp/market_pricing.go:171.2,172.36 2 0
zrp/market_pricing.go:172.36,174.40 2 0
zrp/market_pricing.go:174.40,179.4 1 0
zrp/market_pricing.go:181.3,182.70 2 0
zrp/market_pricing.go:182.70,184.4 1 0
zrp/market_pricing.go:186.3,199.5 1 0
zrp/market_pricing.go:201.2,201.21 1 0
zrp/market_pricing.go:213.55,215.2 1 0
zrp/market_pricing.go:217.38,217.57 1 0
zrp/market_pricing.go:219.74,229.16 4 0
zrp/market_pricing.go:229.16,231.3 1 0
zrp/market_pricing.go:232.2,236.16 4 0
zrp/market_pricing.go:236.16,238.3 1 0
zrp/market_pricing.go:239.2,243.28 3 0
zrp/market_pricing.go:243.28,245.3 1 0
zrp/market_pricing.go:246.2,246.28 1 0
zrp/market_pricing.go:246.28,248.3 1 0
zrp/market_pricing.go:251.2,276.62 2 0
zrp/market_pricing.go:276.62,278.3 1 0
zrp/market_pricing.go:280.2,280.32 1 0
zrp/market_pricing.go:280.32,282.3 1 0
zrp/market_pricing.go:284.2,285.51 2 0
zrp/market_pricing.go:285.51,287.36 2 0
zrp/market_pricing.go:287.36,289.17 2 0
zrp/market_pricing.go:289.17,294.5 1 0
zrp/market_pricing.go:297.3,313.5 3 0
zrp/market_pricing.go:315.2,315.21 1 0
zrp/market_pricing.go:319.41,325.2 5 0
zrp/market_pricing.go:328.44,334.2 5 0
zrp/market_pricing.go:337.40,340.20 3 0
zrp/market_pricing.go:340.20,342.3 1 0
zrp/market_pricing.go:343.2,344.16 2 0
zrp/market_pricing.go:344.16,346.3 1 0
zrp/market_pricing.go:347.2,347.40 1 0
zrp/market_pricing.go:347.40,349.3 1 0
zrp/market_pricing.go:350.2,350.10 1 0
zrp/market_pricing.go:355.32,357.2 1 0
zrp/market_pricing.go:359.44,360.22 1 0
zrp/market_pricing.go:360.22,362.3 1 0
zrp/market_pricing.go:363.2,363.27 1 0
zrp/market_pricing.go:368.70,373.16 3 0
zrp/market_pricing.go:373.16,375.3 1 0
zrp/market_pricing.go:376.2,379.18 3 0
zrp/market_pricing.go:379.18,385.17 4 0
zrp/market_pricing.go:385.17,387.4 1 0
zrp/market_pricing.go:388.3,389.31 2 0
zrp/market_pricing.go:391.2,391.21 1 0
zrp/market_pricing.go:394.54,403.2 3 0
zrp/market_pricing.go:407.62,414.46 5 0
zrp/market_pricing.go:414.46,416.3 1 0
zrp/market_pricing.go:416.8,418.3 1 0
zrp/market_pricing.go:421.2,422.21 2 0
zrp/market_pricing.go:422.21,424.3 1 0
zrp/market_pricing.go:424.8,426.3 1 0
zrp/market_pricing.go:428.2,428.30 1 0
zrp/market_pricing.go:432.32,437.2 4 0
zrp/market_pricing.go:439.39,443.2 3 0
zrp/market_pricing.go:445.45,448.2 2 0
zrp/market_pricing.go:452.85,455.15 2 0
zrp/market_pricing.go:455.15,461.3 2 0
zrp/market_pricing.go:463.2,465.19 2 0
zrp/market_pricing.go:465.19,467.36 2 0
zrp/market_pricing.go:467.36,470.4 2 0
zrp/market_pricing.go:473.2,475.23 2 0
zrp/market_pricing.go:475.23,484.3 2 0
zrp/market_pricing.go:487.2,489.28 3 0
zrp/market_pricing.go:489.28,491.17 2 0
zrp/market_pricing.go:491.17,494.12 3 0
zrp/market_pricing.go:496.3,496.22 1 0
zrp/market_pricing.go:496.22,499.4 2 0
zrp/market_pricing.go:500.3,500.36 1 0
zrp/market_pricing.go:503.2,504.27 2 0
zrp/market_pricing.go:504.27,506.3 1 0
zrp/market_pricing.go:507.2,507.21 1 0
zrp/market_pricing.go:507.21,509.3 1 0
zrp/market_pricing.go:510.2,510.33 1 0
zrp/market_pricing.go:513.36,516.29 2 0
zrp/market_pricing.go:516.29,517.27 1 0
zrp/market_pricing.go:517.27,518.20 1 0
zrp/market_pricing.go:518.20,519.52 1 0
zrp/market_pricing.go:519.52,521.6 1 0
zrp/market_pricing.go:522.5,522.73 1 0
zrp/market_pricing.go:522.73,524.6 1 0
zrp/market_pricing.go:525.5,525.14 1 0
zrp/market_pricing.go:529.2,529.11 1 0
zrp/market_pricing.go:532.74,537.62 2 0
zrp/market_pricing.go:537.62,540.3 2 0
zrp/market_pricing.go:541.2,541.74 1 0
zrp/market_pricing.go:541.74,544.3 2 0
zrp/market_pricing.go:545.2,545.82 1 0
zrp/market_pricing.go:545.82,548.3 2 0
zrp/market_pricing.go:549.2,549.62 1 0
zrp/market_pricing.go:552.73,556.62 2 0
zrp/market_pricing.go:556.62,559.3 2 0
zrp/market_pricing.go:560.2,560.69 1 0
zrp/market_pricing.go:560.69,563.3 2 0
zrp/market_pricing.go:564.2,564.62 1 0
zrp/market_pricing.go:567.75,577.2 1 0
zrp/market_pricing.go:579.35,580.13 1 0
zrp/market_pricing.go:580.13,582.3 1 0
zrp/market_pricing.go:583.2,583.17 1 0
zrp/market_pricing.go:583.17,585.3 1 0
zrp/market_pricing.go:586.2,586.38 1 0
zrp/middleware.go:30.58,32.2 1 0
zrp/middleware.go:35.53,36.71 1 0
zrp/middleware.go:36.71,38.65 1 0
zrp/middleware.go:38.65,41.4 2 0
zrp/middleware.go:44.3,44.34 1 0
zrp/middleware.go:44.34,47.4 2 0
zrp/middleware.go:49.3,56.25 6 0
zrp/middleware.go:60.46,61.71 1 0
zrp/middleware.go:61.71,66.28 5 0
zrp/middleware.go:66.28,69.4 2 0
zrp/middleware.go:70.3,71.66 2 0
zrp/middleware.go:76.54,77.71 1 0
zrp/middleware.go:77.71,103.19 8 0
zrp/middleware.go:103.19,105.4 1 0
zrp/middleware.go:107.3,107.23 1 0
zrp/middleware.go:111.50,112.71 1 0
zrp/middleware.go:112.71,118.35 2 0
zrp/middleware.go:118.35,121.4 2 0
zrp/middleware.go:124.3,125.47 2 0
zrp/middleware.go:125.47,127.34 2 0
zrp/middleware.go:127.34,130.5 2 0
zrp/middleware.go:131.4,134.10 4 0
zrp/middleware.go:138.3,139.17 2 0
zrp/middleware.go:139.17,140.41 1 0
zrp/middleware.go:140.41,143.5 2 0
zrp/middleware.go:144.4,147.10 4 0
zrp/middleware.go:150.3,156.17 6 0
zrp/middleware.go:156.17,157.41 1 0
zrp/middleware.go:157.41,160.5 2 0
zrp/middleware.go:161.4,164.10 4 0
zrp/middleware.go:168.3,168.25 1 0
zrp/middleware.go:168.25,170.18 2 0
zrp/middleware.go:170.18,172.42 2 0
zrp/middleware.go:172.42,175.43 2 0
zrp/middleware.go:175.43,178.7 2 0
zrp/middleware.go:179.6,182.12 4 0
zrp/middleware.go:187.3,187.18 1 0
zrp/middleware.go:187.18,192.4 4 0
zrp/middleware.go:195.3,213.40 6 0
zrp/middleware.go:219.39,221.13 2 0
zrp/middleware.go:222.38,223.14 1 0
zrp/middleware.go:225.2,225.90 1 0
zrp/middleware.go:225.90,227.3 1 0
zrp/middleware.go:228.2,228.14 1 0
zrp/middleware.go:233.50,234.71 1 0
zrp/middleware.go:234.71,236.43 2 0
zrp/middleware.go:236.43,239.4 2 0
zrp/middleware.go:241.3,243.17 2 0
zrp/middleware.go:243.17,246.4 2 0
zrp/middleware.go:248.3,256.35 5 0
zrp/middleware.go:256.35,259.4 2 0
zrp/middleware.go:262.3,262.43 1 0
zrp/middleware.go:262.43,270.4 4 0
zrp/middleware.go:272.3,272.23 1 0
zrp/middleware.go:287.25,291.2 3 0
zrp/middleware.go:294.77,301.35 5 0
zrp/middleware.go:301.35,302.28 1 0
zrp/middleware.go:302.28,304.4 1 0
zrp/middleware.go:307.2,307.28 1 0
zrp/middleware.go:307.28,309.3 1 0
zrp/middleware.go:309.8,311.3 1 0
zrp/middleware.go:315.107,330.23 8 0
zrp/middleware.go:330.23,332.3 1 0
zrp/middleware.go:332.8,334.3 1 0
zrp/middleware.go:337.2,337.27 1 0
zrp/middleware.go:337.27,339.3 1 0
zrp/middleware.go:342.2,345.36 3 0
zrp/middleware.go:351.58,352.71 1 0
zrp/middleware.go:352.71,355.68 2 0
zrp/middleware.go:355.68,357.4 1 0
zrp/middleware.go:358.3,358.56 1 0
zrp/middleware.go:358.56,360.4 1 0
zrp/middleware.go:363.3,363.57 1 0
zrp/middleware.go:363.57,365.4 1 0
zrp/middleware.go:367.3,375.28 5 0
zrp/middleware.go:375.28,379.4 3 0
zrp/middleware.go:379.9,379.46 1 0
zrp/middleware.go:379.46,384.4 3 0
zrp/middleware.go:384.9,388.4 2 0
zrp/middleware.go:391.3,398.15 5 0
zrp/middleware.go:398.15,408.4 5 0
zrp/middleware.go:410.3,410.23 1 0
zrp/middleware.go:416.53,417.71 1 0
zrp/middleware.go:417.71,419.71 1 0
zrp/middleware.go:419.71,422.4 2 0
zrp/middleware.go:425.3,425.46 1 0
zrp/middleware.go:425.46,428.4 2 0
zrp/middleware.go:431.3,431.46 1 0
zrp/middleware.go:431.46,434.4 2 0
zrp/middleware.go:437.3,438.47 2 0
zrp/middleware.go:438.47,441.4 2 0
zrp/middleware.go:444.3,445.22 2 0
zrp/middleware.go:445.22,453.4 4 0
zrp/middleware.go:457.3,458.10 2 0
zrp/middleware.go:458.10,461.18 2 0
zrp/middleware.go:461.18,469.5 4 0
zrp/middleware.go:472.4,474.18 2 0
zrp/middleware.go:474.18,482.5 4 0
zrp/middleware.go:486.3,495.17 4 0
zrp/middleware.go:495.17,503.4 4 0
zrp/middleware.go:506.3,506.28 1 0
zrp/middleware.go:506.28,514.4 4 0
zrp/middleware.go:517.3,517.23 1 0
zrp/permissions.go:69.22,74.2 4 0
zrp/permissions.go:77.31,79.16 2 0
zrp/permissions.go:79.16,81.3 1 0
zrp/permissions.go:82.2,85.18 3 0
zrp/permissions.go:85.18,87.60 2 0
zrp/permissions.go:87.60,88.12 1 0
zrp/permissions.go:90.3,90.24 1 0
zrp/permissions.go:90.24,92.4 1 0
zrp/permissions.go:93.3,93.32 1 0
zrp/permissions.go:93.32,95.4 1 0
zrp/permissions.go:96.3,96.36 1 0
zrp/permissions.go:99.2,103.12 5 0
zrp/permissions.go:107.54,110.33 3 0
zrp/permissions.go:110.33,112.3 1 0
zrp/permissions.go:113.2,113.41 1 0
zrp/permissions.go:113.41,115.3 1 0
zrp/permissions.go:116.2,116.45 1 0
zrp/permissions.go:120.51,124.33 4 0
zrp/permissions.go:124.33,126.3 1 0
zrp/permissions.go:127.2,127.49 1 0
zrp/permissions.go:127.49,128.28 1 0
zrp/permissions.go:128.28,130.4 1 0
zrp/permissions.go:132.2,132.14 1 0
zrp/permissions.go:136.35,144.16 2 0
zrp/permissions.go:144.16,146.3 1 0
zrp/permissions.go:149.2,151.16 3 0
zrp/permissions.go:151.16,152.50 1 0
zrp/permissions.go:152.50,154.4 1 0
zrp/permissions.go:157.2,157.27 1 0
zrp/permissions.go:164.37,166.16 2 0
zrp/permissions.go:166.16,168.3 1 0
zrp/permissions.go:169.2,172.16 3 0
zrp/permissions.go:172.16,174.3 1 0
zrp/permissions.go:175.2,178.33 2 0
zrp/permissions.go:178.33,179.34 1 0
zrp/permissions.go:179.34,180.58 1 0
zrp/permissions.go:180.58,182.5 1 0
zrp/permissions.go:187.2,187.33 1 0
zrp/permissions.go:187.33,188.25 1 0
zrp/permissions.go:188.25,189.12 1 0
zrp/permissions.go:191.3,191.34 1 0
zrp/permissions.go:191.34,192.57 1 0
zrp/permissions.go:192.57,194.5 1 0
zrp/permissions.go:199.2,199.33 1 0
zrp/permissions.go:199.33,200.67 1 0
zrp/permissions.go:200.67,202.4 1 0
zrp/permissions.go:205.2,205.20 1 0
zrp/permissions.go:209.80,211.16 2 0
zrp/permissions.go:211.16,213.3 1 0
zrp/permissions.go:214.2,216.88 2 0
zrp/permissions.go:216.88,218.3 1 0
zrp/permissions.go:220.2,221.16 2 0
zrp/permissions.go:221.16,223.3 1 0
zrp/permissions.go:224.2,226.26 2 0
zrp/permissions.go:226.26,227.64 1 0
zrp/permissions.go:227.64,229.4 1 0
zrp/permissions.go:232.2,232.36 1 0
zrp/permissions.go:232.36,234.3 1 0
zrp/permissions.go:236.2,236.27 1 0
zrp/permissions.go:241.77,243.21 2 0
zrp/permissions.go:243.21,245.3 1 0
zrp/permissions.go:247.2,250.16 2 0
zrp/permissions.go:251.13,252.22 1 0
zrp/permissions.go:253.14,254.24 1 0
zrp/permissions.go:255.22,256.22 1 0
zrp/permissions.go:257.16,258.24 1 0
zrp/permissions.go:262.2,262.21 1 0
zrp/permissions.go:262.21,263.19 1 0
zrp/permissions.go:264.18,265.26 1 0
zrp/permissions.go:266.20,267.26 1 0
zrp/permissions.go:272.2,272.13 1 0
zrp/permissions.go:273.45,274.23 1 0
zrp/permissions.go:275.14,276.22 1 0
zrp/permissions.go:277.14,278.27 1 0
zrp/permissions.go:279.19,280.27 1 0
zrp/permissions.go:281.17,282.25 1 0
zrp/permissions.go:283.13,284.21 1 0
zrp/permissions.go:285.20,286.28 1 0
zrp/permissions.go:287.14,288.22 1 0
zrp/permissions.go:289.14,290.22 1 0
zrp/permissions.go:291.16,292.24 1 0
zrp/permissions.go:293.17,294.25 1 0
zrp/permissions.go:295.17,296.25 1 0
zrp/permissions.go:297.19,298.26 1 0
zrp/permissions.go:299.19,300.27 1 0
zrp/permissions.go:301.23,302.30 1 0
zrp/permissions.go:303.31,304.22 1 0
zrp/permissions.go:305.17,306.25 1 0
zrp/permissions.go:307.15,308.25 1 0
zrp/permissions.go:309.47,310.23 1 0
zrp/permissions.go:311.15,312.23 1 0
zrp/permissions.go:313.18,315.23 1 0
zrp/permissions.go:316.19,317.27 1 0
zrp/permissions.go:318.16,319.25 1 0
zrp/permissions.go:324.43,325.16 1 0
zrp/permissions.go:326.10,327.16 1 0
zrp/permissions.go:330.2,330.23 1 0
zrp/quality_auth.go:8.42,10.16 2 0
zrp/quality_auth.go:10.16,12.3 1 0
zrp/quality_auth.go:14.2,22.16 3 0
zrp/quality_auth.go:22.16,24.3 1 0
zrp/quality_auth.go:26.2,26.13 1 0
zrp/quality_auth.go:30.46,32.16 2 0
zrp/quality_auth.go:32.16,34.3 1 0
zrp/quality_auth.go:36.2,44.20 3 0
zrp/quality_auth.go:48.64,51.22 2 0
zrp/quality_auth.go:52.12,53.41 1 0
zrp/quality_auth.go:54.17,55.46 1 0
zrp/quality_auth.go:56.10,57.15 1 0
zrp/query_profiler.go:34.59,42.13 2 0
zrp/query_profiler.go:42.13,45.17 2 0
zrp/query_profiler.go:45.17,47.4 1 0
zrp/query_profiler.go:47.9,49.4 1 0
zrp/query_profiler.go:50.3,50.78 1 0
zrp/query_profiler.go:55.73,60.41 4 0
zrp/query_profiler.go:60.41,62.3 1 0
zrp/query_profiler.go:64.2,64.18 1 0
zrp/query_profiler.go:68.66,73.41 4 0
zrp/query_profiler.go:73.41,75.3 1 0
zrp/query_profiler.go:77.2,77.12 1 0
zrp/query_profiler.go:81.73,86.41 4 0
zrp/query_profiler.go:86.41,88.3 1 0
zrp/query_profiler.go:90.2,90.20 1 0
zrp/query_profiler.go:94.96,109.40 5 0
zrp/query_profiler.go:109.40,111.3 1 0
zrp/query_profiler.go:112.2,115.33 2 0
zrp/query_profiler.go:115.33,127.23 3 0
zrp/query_profiler.go:127.23,129.4 1 0
zrp/query_profiler.go:134.57,139.30 4 0
zrp/query_profiler.go:139.30,140.36 1 0
zrp/query_profiler.go:140.36,142.4 1 0
zrp/query_profiler.go:144.2,144.13 1 0
zrp/query_profiler.go:148.56,153.2 3 0
zrp/query_profiler.go:156.59,160.25 3 0
zrp/query_profiler.go:160.25,165.3 1 0
zrp/query_profiler.go:167.2,172.30 5 0
zrp/query_profiler.go:172.30,174.36 2 0
zrp/query_profiler.go:174.36,176.4 1 0
zrp/query_profiler.go:177.3,177.31 1 0
zrp/query_profiler.go:177.31,179.4 1 0
zrp/query_profiler.go:180.3,180.31 1 0
zrp/query_profiler.go:180.31,182.4 1 0
zrp/query_profiler.go:185.2,195.3 2 0
zrp/query_profiler.go:199.33,205.2 4 0
zrp/query_profiler.go:208.33,209.22 1 0
zrp/query_profiler.go:209.22,211.3 1 0
zrp/search.go:62.114,68.22 4 0
zrp/search.go:68.22,70.27 2 0
zrp/search.go:70.27,74.42 3 0
zrp/search.go:74.42,77.5 2 0
zrp/search.go:82.2,82.33 1 0
zrp/search.go:82.33,84.17 2 0
zrp/search.go:84.17,86.4 1 0
zrp/search.go:88.3,88.19 1 0
zrp/search.go:88.19,89.13 1 0
zrp/search.go:89.13,92.52 2 0
zrp/search.go:92.52,94.6 1 0
zrp/search.go:95.5,95.58 1 0
zrp/search.go:96.10,98.5 1 0
zrp/search.go:99.4,99.38 1 0
zrp/search.go:103.2,104.27 2 0
zrp/search.go:104.27,106.3 1 0
zrp/search.go:108.2,108.31 1 0
zrp/search.go:112.76,115.20 2 0
zrp/search.go:116.15,122.4 1 0
zrp/search.go:123.20,128.4 1 0
zrp/search.go:129.14,135.4 1 0
zrp/search.go:136.19,142.4 1 0
zrp/search.go:143.14,150.4 1 0
zrp/search.go:151.17,157.4 1 0
zrp/search.go:158.13,163.4 1 0
zrp/search.go:166.2,166.15 1 0
zrp/search.go:170.38,173.2 1 0
zrp/search.go:176.91,184.18 5 0
zrp/search.go:185.17,189.27 4 0
zrp/search.go:191.18,195.27 4 0
zrp/search.go:197.26,200.73 2 0
zrp/search.go:200.73,202.4 1 0
zrp/search.go:203.3,207.27 5 0
zrp/search.go:209.20,211.39 2 0
zrp/search.go:211.39,213.4 1 0
zrp/search.go:214.3,217.27 4 0
zrp/search.go:219.18,221.39 2 0
zrp/search.go:221.39,223.4 1 0
zrp/search.go:224.3,227.27 4 0
zrp/search.go:229.17,233.27 4 0
zrp/search.go:235.17,239.27 4 0
zrp/search.go:241.19,245.27 4 0
zrp/search.go:247.19,251.27 4 0
zrp/search.go:253.12,256.10 2 0
zrp/search.go:256.10,261.28 4 0
zrp/search.go:261.28,263.5 1 0
zrp/search.go:266.3,267.28 2 0
zrp/search.go:267.28,271.4 3 0
zrp/search.go:272.3,273.27 2 0
zrp/search.go:275.17,278.30 2 0
zrp/search.go:278.30,280.4 1 0
zrp/search.go:281.3,284.27 4 0
zrp/search.go:286.16,287.53 1 0
zrp/search.go:289.19,290.57 1 0
zrp/search.go:292.10,293.67 1 0
zrp/search.go:298.55,301.20 2 0
zrp/search.go:302.15,318.5 2 0
zrp/search.go:320.20,346.5 3 0
zrp/search.go:348.19,364.5 2 0
zrp/search.go:366.14,391.5 3 0
zrp/search.go:393.14,410.5 2 0
zrp/search.go:413.2,413.16 1 0
zrp/search.go:417.47,449.16 3 0
zrp/search.go:449.16,451.3 1 0
zrp/search.go:454.2,496.35 2 0
zrp/search.go:496.35,497.52 1 0
zrp/search.go:497.52,500.4 1 0
zrp/search.go:503.2,503.12 1 0
zrp/search.go:508.61,515.32 4 0
zrp/search.go:515.32,516.22 1 0
zrp/search.go:516.22,523.20 5 0
zrp/search.go:524.13,525.20 1 0
zrp/search.go:526.13,527.14 1 0
zrp/search.go:528.13,529.14 1 0
zrp/search.go:530.14,531.15 1 0
zrp/search.go:532.14,533.15 1 0
zrp/search.go:534.14,535.14 1 0
zrp/search.go:539.4,539.36 1 0
zrp/search.go:539.36,541.5 1 0
zrp/search.go:544.4,544.64 1 0
zrp/search.go:544.64,551.5 1 0
zrp/search.go:551.10,558.5 1 0
zrp/search.go:562.2,562.16 1 0
zrp/security.go:108.44,109.29 1 0
zrp/security.go:109.29,111.3 1 0
zrp/security.go:112.2,112.12 1 0
zrp/security.go:116.46,117.31 1 0
zrp/security.go:117.31,119.3 1 0
zrp/security.go:120.2,120.12 1 0
zrp/security.go:125.60,128.43 2 0
zrp/security.go:128.43,130.3 1 0
zrp/security.go:131.2,131.24 1 0
zrp/security.go:135.61,137.16 2 0
zrp/security.go:137.16,139.3 1 0
zrp/security.go:140.2,140.53 1 0
zrp/security.go:140.53,142.3 1 0
zrp/security.go:143.2,143.23 1 0
zrp/security.go:147.63,149.16 2 0
zrp/security.go:149.16,151.3 1 0
zrp/security.go:152.2,152.54 1 0
zrp/security.go:152.54,154.3 1 0
zrp/security.go:155.2,155.23 1 0
zrp/security.go:159.54,160.24 1 0
zrp/security.go:160.24,162.3 1 0
zrp/security.go:164.2,172.24 3 0
zrp/security.go:172.24,174.3 1 0
zrp/security.go:175.2,175.24 1 0
zrp/security.go:175.24,177.3 1 0
zrp/security.go:178.2,178.25 1 0
zrp/security.go:178.25,180.3 1 0
zrp/security.go:181.2,181.26 1 0
zrp/security.go:181.26,183.3 1 0
zrp/security.go:185.2,185.16 1 0
zrp/security.go:185.16,187.3 1 0
zrp/security.go:189.2,189.12 1 0
zrp/security.go:200.65,207.16 2 0
zrp/security.go:207.16,209.3 1 0
zrp/security.go:210.2,212.18 2 0
zrp/security.go:212.18,214.45 2 0
zrp/security.go:214.45,215.12 1 0
zrp/security.go:219.3,219.81 1 0
zrp/security.go:219.81,221.4 1 0
zrp/security.go:224.2,224.12 1 0
zrp/security.go:228.64,233.2 2 0
zrp/security.go:236.66,239.16 3 0
zrp/security.go:239.16,241.3 1 0
zrp/security.go:243.2,249.16 4 0
zrp/security.go:249.16,251.3 1 0
zrp/security.go:253.2,253.19 1 0
zrp/security.go:257.59,264.16 4 0
zrp/security.go:264.16,266.3 1 0
zrp/security.go:269.2,270.16 2 0
zrp/security.go:270.16,272.3 1 0
zrp/security.go:275.2,275.31 1 0
zrp/security.go:275.31,277.3 1 0
zrp/security.go:279.2,279.21 1 0
zrp/security.go:283.62,285.12 2 0
zrp/security.go:285.12,287.3 1 0
zrp/security.go:290.2,290.62 1 0
zrp/security.go:290.62,292.3 1 0
zrp/security.go:295.2,295.66 1 0
zrp/security.go:295.66,297.3 1 0
zrp/security.go:300.2,301.16 2 0
zrp/security.go:301.16,303.3 1 0
zrp/security.go:306.2,307.16 2 0
zrp/security.go:307.16,309.3 1 0
zrp/security.go:312.2,313.16 2 0
zrp/security.go:313.16,315.3 1 0
zrp/security.go:318.2,320.12 2 0
zrp/security.go:331.58,341.2 2 0
zrp/security.go:344.54,350.2 2 0
zrp/security.go:353.53,356.16 3 0
zrp/security.go:356.16,358.3 1 0
zrp/security.go:360.2,360.24 1 0
zrp/security.go:360.24,362.3 1 0
zrp/security.go:365.2,373.33 4 0
zrp/security.go:373.33,375.22 2 0
zrp/security.go:375.22,376.9 1 0
zrp/security.go:380.2,380.21 1 0
zrp/security.go:380.21,383.3 1 0
zrp/security.go:386.2,386.33 1 0
zrp/security.go:386.33,388.3 1 0
zrp/security.go:391.2,392.19 2 0
zrp/test_common.go:18.40,21.16 3 0
zrp/test_common.go:21.16,23.3 1 0
zrp/test_common.go:25.2,25.67 1 0
zrp/test_common.go:25.67,27.3 1 0
zrp/test_common.go:30.2,42.16 2 0
zrp/test_common.go:42.16,44.3 1 0
zrp/test_common.go:47.2,57.16 2 0
zrp/test_common.go:57.16,59.3 1 0
zrp/test_common.go:62.2,77.16 2 0
zrp/test_common.go:77.16,79.3 1 0
zrp/test_common.go:82.2,94.16 2 0
zrp/test_common.go:94.16,96.3 1 0
zrp/test_common.go:99.2,114.16 2 0
zrp/test_common.go:114.16,116.3 1 0
zrp/test_common.go:119.2,130.16 2 0
zrp/test_common.go:130.16,132.3 1 0
zrp/test_common.go:135.2,147.16 2 0
zrp/test_common.go:147.16,149.3 1 0
zrp/test_common.go:152.2,169.16 2 0
zrp/test_common.go:169.16,171.3 1 0
zrp/test_common.go:174.2,186.16 2 0
zrp/test_common.go:186.16,188.3 1 0
zrp/test_common.go:191.2,204.16 2 0
zrp/test_common.go:204.16,206.3 1 0
zrp/test_common.go:209.2,217.16 2 0
zrp/test_common.go:217.16,219.3 1 0
zrp/test_common.go:222.2,240.16 2 0
zrp/test_common.go:240.16,242.3 1 0
zrp/test_common.go:245.2,261.16 2 0
zrp/test_common.go:261.16,263.3 1 0
zrp/test_common.go:266.2,280.16 2 0
zrp/test_common.go:280.16,282.3 1 0
zrp/test_common.go:285.2,294.16 2 0
zrp/test_common.go:294.16,296.3 1 0
zrp/test_common.go:299.2,314.16 2 0
zrp/test_common.go:314.16,316.3 1 0
zrp/test_common.go:319.2,332.16 2 0
zrp/test_common.go:332.16,334.3 1 0
zrp/test_common.go:337.2,354.16 2 0
zrp/test_common.go:354.16,356.3 1 0
zrp/test_common.go:359.2,375.16 2 0
zrp/test_common.go:375.16,377.3 1 0
zrp/test_common.go:380.2,387.16 2 0
zrp/test_common.go:387.16,389.3 1 0
zrp/test_common.go:392.2,407.16 2 0
zrp/test_common.go:407.16,409.3 1 0
zrp/test_common.go:412.2,428.16 2 0
zrp/test_common.go:428.16,430.3 1 0
zrp/test_common.go:433.2,450.16 2 0
zrp/test_common.go:450.16,452.3 1 0
zrp/test_common.go:455.2,467.16 2 0
zrp/test_common.go:467.16,469.3 1 0
zrp/test_common.go:472.2,480.16 2 0
zrp/test_common.go:480.16,482.3 1 0
zrp/test_common.go:485.2,498.16 2 0
zrp/test_common.go:498.16,500.3 1 0
zrp/test_common.go:503.2,519.16 2 0
zrp/test_common.go:519.16,521.3 1 0
zrp/test_common.go:524.2,534.16 2 0
zrp/test_common.go:534.16,536.3 1 0
zrp/test_common.go:539.2,554.16 2 0
zrp/test_common.go:554.16,556.3 1 0
zrp/test_common.go:559.2,578.16 2 0
zrp/test_common.go:578.16,580.3 1 0
zrp/test_common.go:583.2,601.16 2 0
zrp/test_common.go:601.16,603.3 1 0
zrp/test_common.go:606.2,615.16 2 0
zrp/test_common.go:615.16,617.3 1 0
zrp/test_common.go:620.2,621.16 2 0
zrp/test_common.go:621.16,623.3 1 0
zrp/test_common.go:624.2,626.16 2 0
zrp/test_common.go:626.16,628.3 1 0
zrp/test_common.go:630.2,630.15 1 0
zrp/test_common.go:634.97,637.16 3 0
zrp/test_common.go:637.16,639.3 1 0
zrp/test_common.go:641.2,642.12 2 0
zrp/test_common.go:642.12,644.3 1 0
zrp/test_common.go:646.2,650.16 2 0
zrp/test_common.go:650.16,652.3 1 0
zrp/test_common.go:654.2,655.16 2 0
zrp/test_common.go:660.75,669.16 5 0
zrp/test_common.go:669.16,671.3 1 0
zrp/test_common.go:673.2,673.14 1 0
zrp/test_common.go:677.50,681.16 4 0
zrp/test_common.go:681.16,683.3 1 0
zrp/test_common.go:684.2,684.48 1 0
zrp/test_common.go:688.66,692.2 3 0
zrp/test_common.go:695.89,697.17 2 0
zrp/test_common.go:697.17,699.3 1 0
zrp/test_common.go:699.8,701.3 1 0
zrp/test_common.go:703.2,703.24 1 0
zrp/test_common.go:703.24,705.3 1 0
zrp/test_common.go:707.2,707.12 1 0
zrp/test_common.go:711.98,713.17 2 0
zrp/test_common.go:713.17,715.3 1 0
zrp/test_common.go:717.2,720.12 3 0
zrp/test_common.go:724.80,727.66 3 0
zrp/test_common.go:727.66,729.3 1 0
zrp/test_common.go:730.2,730.17 1 0
zrp/test_common.go:734.77,736.24 2 0
zrp/test_common.go:736.24,738.3 1 0
zrp/test_debug.go:12.45,15.16 3 0
zrp/test_debug.go:15.16,17.3 1 0
zrp/test_debug.go:18.2,19.15 2 0
zrp/test_debug.go:19.15,19.41 2 0
zrp/test_debug.go:22.2,68.64 14 0
zrp/test_debug.go:68.64,70.3 1 0
zrp/test_debug.go:70.8,73.3 2 0
zrp/test_devices_debug.go:11.37,30.16 4 0
zrp/test_devices_debug.go:30.16,32.3 1 0
zrp/test_devices_debug.go:35.2,38.16 2 0
zrp/test_devices_debug.go:38.16,40.3 1 0
zrp/test_devices_debug.go:43.2,45.16 3 0
zrp/test_devices_debug.go:45.16,47.3 1 0
zrp/test_devices_debug.go:48.2,51.16 3 0
zrp/test_devices_debug.go:51.16,53.3 1 0
zrp/test_devices_debug.go:54.2,56.18 2 0
zrp/test_devices_debug.go:56.18,60.3 3 0
zrp/test_helpers.go:10.80,13.62 3 0
zrp/test_helpers.go:13.62,15.3 1 0
zrp/test_helpers.go:16.2,17.53 2 0
zrp/test_helpers.go:17.53,19.3 1 0
zrp/validation.go:23.56,25.2 1 0
zrp/validation.go:27.46,29.2 1 0
zrp/validation.go:31.44,33.30 2 0
zrp/validation.go:33.30,35.3 1 0
zrp/validation.go:36.2,36.33 1 0
zrp/validation.go:40.62,41.36 1 0
zrp/validation.go:41.36,43.3 1 0
zrp/validation.go:47.80,48.17 1 0
zrp/validation.go:48.17,50.3 1 0
zrp/validation.go:51.2,51.28 1 0
zrp/validation.go:51.28,52.17 1 0
zrp/validation.go:52.17,54.4 1 0
zrp/validation.go:56.2,56.79 1 0
zrp/validation.go:60.62,61.17 1 0
zrp/validation.go:61.17,63.3 1 0
zrp/validation.go:64.2,65.16 2 0
zrp/validation.go:65.16,67.3 1 0
zrp/validation.go:71.73,72.16 1 0
zrp/validation.go:72.16,74.3 1 0
zrp/validation.go:78.79,79.16 1 0
zrp/validation.go:79.16,81.3 1 0
zrp/validation.go:85.82,86.15 1 0
zrp/validation.go:86.15,88.3 1 0
zrp/validation.go:92.86,93.32 1 0
zrp/validation.go:93.32,95.3 1 0
zrp/validation.go:99.80,100.32 1 0
zrp/validation.go:100.32,102.3 1 0
zrp/validation.go:117.77,118.25 1 0
zrp/validation.go:118.25,120.3 1 0
zrp/validation.go:124.74,125.22 1 0
zrp/validation.go:125.22,127.3 1 0
zrp/validation.go:131.76,132.30 1 0
zrp/validation.go:132.30,134.3 1 0
zrp/validation.go:138.63,139.17 1 0
zrp/validation.go:139.17,141.3 1 0
zrp/validation.go:142.2,143.16 2 0
zrp/validation.go:143.16,145.3 1 0
zrp/validation.go:149.76,150.22 1 0
zrp/validation.go:150.22,152.3 1 0
zrp/validation.go:156.72,157.14 1 0
zrp/validation.go:157.14,159.3 1 0
zrp/validation.go:162.2,163.16 2 0
zrp/validation.go:163.16,166.3 2 0
zrp/validation.go:168.2,170.30 3 0
zrp/validation.go:170.30,172.3 1 0
zrp/validation.go:176.83,177.17 1 0
zrp/validation.go:177.17,179.3 1 0
zrp/validation.go:182.2,183.16 2 0
zrp/validation.go:183.16,186.3 2 0
zrp/validation.go:188.2,189.16 2 0
zrp/validation.go:189.16,192.3 2 0
zrp/validation.go:194.2,196.30 3 0
zrp/validation.go:196.30,198.3 1 0
zrp/validation.go:202.82,207.2 1 0
zrp/validation.go:212.61,213.17 1 0
zrp/validation.go:213.17,215.3 1 0
zrp/validation.go:216.2,216.36 1 0
zrp/validation.go:216.36,218.3 1 0
zrp/validation.go:252.79,253.27 1 0
zrp/validation.go:253.27,256.16 3 0
zrp/validation.go:256.16,258.4 1 0
zrp/validation.go:260.2,260.14 1 0
zrp/validation.go:299.96,301.15 1 0
zrp/validation.go:301.15,304.3 2 0
zrp/validation.go:306.2,306.24 1 0
zrp/validation.go:306.24,309.3 2 0
zrp/validation.go:311.2,311.24 1 0
zrp/validation.go:311.24,315.3 2 0
zrp/validation.go:318.2,318.30 1 0
zrp/validation.go:318.30,321.3 1 0
zrp/validation.go:324.2,327.37 2 0
zrp/validation.go:331.62,332.20 1 0
zrp/validation.go:332.20,335.3 2 0
zrp/validation.go:338.2,338.38 1 0
zrp/validation.go:338.38,340.3 1 0
zrp/validation.go:343.2,343.75 1 0
zrp/validation.go:343.75,345.3 1 0
zrp/validation.go:348.2,348.46 1 0
zrp/validation.go:348.46,350.3 1 0
zrp/validation.go:353.2,353.40 1 0
zrp/validation.go:353.40,355.3 1 0
zrp/validation.go:358.2,359.38 2 0
zrp/validation.go:359.38,360.39 1 0
zrp/validation.go:360.39,362.4 1 0
zrp/validation.go:366.2,366.43 1 0
zrp/validation.go:366.43,368.3 1 0
zrp/validation.go:372.67,376.15 2 0
zrp/validation.go:376.15,379.3 2 0
zrp/validation.go:382.2,382.48 1 0
zrp/validation.go:382.48,383.23 1 0
zrp/validation.go:383.23,386.4 2 0
zrp/validation.go:390.2,391.41 2 0
zrp/validation.go:391.41,392.18 1 0
zrp/validation.go:392.18,394.9 2 0
zrp/validation.go:398.2,398.14 1 0
zrp/validation.go:398.14,401.3 1 0
zrp/validation.go:405.47,438.37 4 0
zrp/validation.go:438.37,440.3 1 0
zrp/validation.go:443.2,443.25 1 0
zrp/validation.go:443.25,446.32 3 0
zrp/validation.go:446.32,448.4 1 0
zrp/validation.go:449.3,449.34 1 0
zrp/validation.go:452.2,452.17 1 0
zrp/websocket.go:37.35,41.2 3 0
zrp/websocket.go:43.37,47.19 4 0
zrp/websocket.go:47.19,48.16 1 0
zrp/websocket.go:48.16,49.32 1 0
zrp/websocket.go:49.32,51.5 1 0
zrp/websocket.go:53.3,53.21 1 0
zrp/websocket.go:58.38,60.16 2 0
zrp/websocket.go:60.16,63.3 2 0
zrp/websocket.go:64.2,66.27 3 0
zrp/websocket.go:66.27,68.3 1 0
zrp/websocket.go:69.2,71.28 2 0
zrp/websocket.go:71.28,73.39 2 0
zrp/websocket.go:73.39,74.17 1 0
zrp/websocket.go:74.17,75.33 1 0
zrp/websocket.go:75.33,78.6 2 0
zrp/websocket.go:80.4,81.59 2 0
zrp/websocket.go:83.3,85.22 2 0
zrp/websocket.go:85.22,87.4 1 0
zrp/websocket.go:92.42,92.57 1 0
zrp/websocket.go:96.62,98.16 2 0
zrp/websocket.go:98.16,101.3 2 0
zrp/websocket.go:104.2,115.41 8 0
zrp/websocket.go:115.41,118.3 2 0
zrp/websocket.go:121.2,121.12 1 0
zrp/websocket.go:121.12,124.22 3 0
zrp/websocket.go:124.22,128.18 4 0
zrp/websocket.go:128.18,130.5 1 0
zrp/websocket.go:135.2,135.6 1 0
zrp/websocket.go:135.6,137.17 2 0
zrp/websocket.go:137.17,138.9 1 0
zrp/websocket.go:141.2,142.39 2 0
zrp/websocket.go:146.53,152.2 1 0
